ID_AEY,ID_PRIMARY,CLASS,KIND,MES,PRICE
2.001,09.01,Стены - черновой этап,Нанесение грунтовки на стены (за слой),м2,28
2.002,09.02,Стены - черновой этап,Нанесение грунтовки на стены (2 слоя),м2,57
2.003,09.03,Стены - черновой этап,Нанесение грунтовки на стены (3 слоя),м2,85
2.004,09.04,Стены - черновой этап,Нанесение грунтовки типа Бетоноконтакт на стены (за слой),м2,57
2.005,09.05,Стены - черновой этап,Антисептирование стен,м2,57
2.006,09.06,Стены - черновой этап,"Гидроизоляция стен (стеклоизолом, рулонные материалы)",м2,339
2.007,09.07,Стены - черновой этап,Гидроизоляция стен (мастиками),м2,226
2.008,09.08,Стены - черновой этап,Гидроизоляция стен пленкой ПВХ,м2,56
2.009,09.09,Стены - черновой этап,Устройство звукоизоляции стен ЗИПС панель (с обшивкой ГКЛ 1 слой),м2,1040
2.01,09.10,Стены - черновой этап,Штукатурка стен до 30 мм по маякам,м2,531
2.011,09.11,Стены - черновой этап,Штукатурка стен более 30 мм (на каждые 10 мм увеличения толщины),м2,136
2.012,09.12,Стены - черновой этап,Штукатурка стен до 30мм по маякам (ширина стены до 500мм),м2,339
2.013,09.13,Стены - черновой этап,Визуальное выравнивание стен (штукатурка простая),м2,408
2.014,09.14,Стены - черновой этап,Штукатурка стен до 30 мм по маякам (цементно-песчаной смесью),м2,599
2.015,09.15,Стены - черновой этап,Штукатурка стен более 30 мм (на каждые 10 мм увеличения толщины) (цементно-песчаной смесью),м2,136
2.016,09.16,Стены - черновой этап,Визуальное выравнивание стен (штукатурка простая) (цементно-песчаной смесью) ,м2,531
2.017,09.17,Стены - черновой этап,"Механизированная штукатурка стен (от 200 м2), стены в плоскость, с/у углы 90+2 угла на кухне, сетка на углах и разнородных материалах",м2,760
2.018,09.18,Стены - черновой этап,"Механизированная штукатурка стен (от 200 м2), полная геометрия, сетка на углах и разнородных материалах",м2,960
2.019,09.19,Стены - черновой этап,"Механизированная штукатурка стен (до 200 м2), стены в плоскость, с/у углы 90+2 угла на кухне, сетка на углах и разнородных материалах",м2,840
2.02,09.20,Стены - черновой этап,"Механизированная штукатурка стен (до 200 м2), полная геометрия, сетка на углах и разнородных материалах",м2,1040
2.021,09.21,Стены - черновой этап,Штукатурка по маякам гипсовой смесью до 30мм (высококачественная),м2,690
2.022,09.22,Стены - черновой этап,Глянцевание механизированной штукатурки стен,м2,200
2.023,09.23,Стены - черновой этап,"Протягивание штукатуркой (шпатлевкой) углов, зон плинтусов, потолков (до 30 см)",п.м.,275
2.024,09.24,Стены - черновой этап,Заделка штроб после демонтажа маяков,п.м.,51
2.025,09.25,Стены - черновой этап,Укладка малярной/штукатурной/паутинки сетки,м2,113
2.026,09.26,Стены - черновой этап,Монтаж армировочной сетки под штукатурку(металл),м2,169
2.027,09.27,Стены - черновой этап,Поклейка стеклохолста на стены,м2,173
2.028,09.28,Стены - черновой этап,Установка малярного уголка в работах по стенам,п.м.,113
2.029,09.29,Стены - черновой этап,Установка малярного уголка криволинейные конструкции,п.м.,181
2.03,09.30,Стены - черновой этап,"Монтаж звуко(изовер, минвата, шуманет.)/теплоизоляции (в металлокаркас)",м2,226
2.031,09.31,Стены - черновой этап,"Монтаж звуко(изовер, минвата, шуманет.)/теплоизоляции (клеево-грибковый монтаж)",м2,340
2.032,09.32,Стены - черновой этап,"Монтаж каркаса, обрешетки в работах по стенам",м2,330
2.033,09.32,Стены - черновой этап,"Нашивка ГВЛ, аквапанели, акустический гкл",м2,420
2.034,09.32,Стены - черновой этап,Высококачественная шпаклевка под покраску (К4),м2,611
2.035,09.34,Стены - черновой этап,Шпаклевка стены под покраску (К3),м2,412
2.036,09.35,Стены - черновой этап,Шпаклевка стены под обои (К2),м2,344
2.037,09.36,Стены - черновой этап,Шпаклевка стены под стеклохолст (со шлифовкой),м2,344
2.038,09.37,Стены - черновой этап,Шпаклевка стен сплошная в 1 слой (без ошкуривания),м2,186
2.039,09.38,Стены - черновой этап,Облицовка 3D панелями,м2,728
2.04,09.39,Стены - черновой этап,"Подготовка 3D панелей и декоративных элементов к покраске (заделка стыков и отверстий, шпаклевка, ошкуривание, грунтовка)",м2,360
2.041,09.40,Стены - черновой этап,Выравнивание стен листами ГКЛ на клею (Перлфикс),м2,452
2.042,09.41,Стены - черновой этап,"Выравнивание стен листами ОСБ, ДВП, фанеры",м2,452
2.043,09.42,Стены - черновой этап,Облицовка стен листами ГКЛ по металлическому каркасу (1 слой) (включая монтаж каркаса),м2,565
2.044,09.43,Стены - черновой этап,Облицовка стен листами ГКЛ по металлическому каркасу (2 слоя) (включая монтаж каркаса),м2,678
2.045,09.44,Стены - черновой этап,Нашивка листа ГКЛ на готовый каркас,м2,300
2.046,09.45,Стены - черновой этап,Зашивка гипсокартонном труб и т.д.,п.м.,1130
2.047,09.46,Стены - черновой этап,Кладка кирпичная в 1/2,м2,791
2.048,09.47,Стены - черновой этап,Кладка кирпичная в 1 кирпич,м2,960
2.049,09.48,Стены - черновой этап,Монтаж ниш в стенах из кирпича,м2,3164
2.05,09.49,Стены - черновой этап,Изменение дверного/оконного проема (перенос больше 5 см) ГКЛ/ГВЛ,шт.,2400
2.051,09.50,Стены - черновой этап,Изменение дверного/оконного проема (перенос больше 5 см) Гибсолит/пеноблок,шт.,2000
2.052,09.51,Стены - черновой этап,Устройство проемов в пеноблоках,м2,806
2.053,09.52,Стены - черновой этап,Устройство проемов в гипсолите,м2,806
2.054,09.53,Стены - черновой этап,Устройство проемов в гкл с армированием,м2,575
2.055,09.54,Стены - черновой этап,Устройство проемов в пеноблоках с армированием,м2,967
2.056,09.55,Стены - черновой этап,Устройство проемов в гипсолите с армированием,м2,967
2.057,09.56,Стены - черновой этап,Монтаж ниш в стенах из бетона,м2,6328
2.058,09.57,Стены - черновой этап,Монтаж ниш в стенах из газоблока,м2,2215
2.059,09.58,Стены - черновой этап,Кладка перегородок из стеклоблоков,м2,791
2.06,09.59,Стены - черновой этап,"Кладка перегородок из ПГП, пеноблоков с армированием",м2,790
2.061,09.60,Стены - черновой этап,"Кладка криволинейных перегородок из ПГП, пеноблоков с армированием",м2,932
2.062,09.61,Стены - черновой этап,Монтаж перегородок из ГКЛ (1 слой),м2,678
2.063,09.62,Стены - черновой этап,Монтаж перегородок из ГКЛ (2 слоя),м2,791
2.064,09.63,Стены - черновой этап,"Монтаж ниш, выступов из листов ГКЛ",п.м.,904
2.065,09.64,Стены - черновой этап,Сверление отверстия в ГКЛ в работах по стенам,шт.,113
2.066,09.65,Стены - черновой этап,Устройство закладных в ГКЛ конструкции,п.м.,110
2.067,09.66,Стены - черновой этап,Изготовление арок из ГКЛ до 1м толщ. 10 мм,шт.,2486
2.068,09.67,Стены - черновой этап,Изготовление арок из ГКЛ свыше 1м толщ. 10 мм,шт.,2994
2.069,09.68,Стены - черновой этап,Армирование проемов арматурой,п.м.,432
2.07,09.69,Стены - черновой этап,Армирование проемов уголком,п.м.,532
2.071,09.70,Стены - черновой этап,Устройство коробов из ГКЛ в 1 слой,п.м.,940
2.072,09.71,Стены - черновой этап,Устройство коробов из ГКЛ в 2 слоя,п.м.,1356
2.073,09.72,Стены - черновой этап,Устройство коробов из ГКЛ для скрытой подсветки,п.м.,1469
2.074,09.73,Стены - черновой этап,Устройство короба из ГКЛ под раковину,п.м.,1130
2.075,09.74,Стены - черновой этап,Устройство каркаса из ГКЛ под ванну,п.м.,1130
2.076,09.75,Стены - черновой этап,Проклейка швов ГКЛ серпянкой/малярным бинтом в работах по стенам,п.м.,68
2.077,09.76,Стены - черновой этап,Заделка швов ГКЛ (унифлот) в работах по стенам,п.м.,140
2.078,09.77,Стены - черновой этап,Укладка малярной(серпянки) сетки в работах по стенам,п.м.,200
2.079,09.78,Стены - черновой этап,"Герметизация стыков, швов силиконовым герметиком",п.м.,136
2.08,09.79,Стены - черновой этап,Заделка и герметизация (монтажной пеной) меж. плиточных швов,п.м.,118
2.081,11.01,Стены - черновой этап,Нанесение грунтовки на откосы (за слой),п.м.,28
2.082,11.02,Стены - черновой этап,Нанесение грунтовки на откосы (2 слоя),п.м.,57
2.083,11.03,Стены - черновой этап,Нанесение грунтовки на откосы (3 слоя),п.м.,85
2.084,11.04,Стены - черновой этап,Нанесение грунтовки типа Бетоноконтакт на откосы (за слой),п.м.,57
2.085,11.05,Стены - черновой этап,Штукатурка откосов,п.м.,339
2.086,11.06,Стены - черновой этап,Штукатурка откосов свыше 500 мм,п.м.,542
2.087,11.07,Стены - черновой этап,Штукатурка откосов арочных,п.м.,339
2.088,11.08,Стены - черновой этап,Шпаклевка откосов сплошная в один слой (без ошкуривания),п.м.,199
2.089,11.09,Стены - черновой этап,Высококачественная шпаклевка откосов под покраску (с ошкуриванием)(К4),п.м.,479
2.09,11.1,Стены - черновой этап,Шпаклевка откосов под обои (с ошкуриванием)(К2),п.м.,239
2.091,11.11,Стены - черновой этап,Шпаклевка откосов под покраску (с ошкуриванием)(К3),п.м.,319
2.092,11.12,Стены - черновой этап,Шпаклевка откосов под стеклохолст (с ошкуриванием),п.м.,239
2.093,11.13,Стены - черновой этап,Поклейка откосов стеклохолстом,п.м.,113
2.094,11.14,Стены - черновой этап,Шпаклевка откосов свыше 500 мм,п.м.,283
2.095,11.15,Стены - черновой этап,Монтаж откосов из ГКЛ,п.м.,395
2.096,11.16,Стены - черновой этап,Установка малярного уголка на откосы,п.м.,113
2.097,11.17,Стены - черновой этап,Утепление откосов,п.м.,169
2.098,11.19,Стены - черновой этап,Монтаж ПВХ уголков на откосы,п.м.,113
2.099,11.22,Стены - черновой этап,Укладка штукатурной/шпаклёвочной/паутинки сетки на откосы,п.м.,113
3.001,14.01,Стены - финишный этап,Оклейка обоев в два уровня,м2,334
3.002,14.02,Стены - финишный этап,Оклейка стен обоями на флизелиновой основе без подбора,м2,304
3.003,14.03,Стены - финишный этап,Оклейка стен обоями на флизелиновой основе с подбором,м2,350
3.004,14.04,Стены - финишный этап,Оклейка стен обоями на бумажной основе без подбора,м2,385
3.005,14.05,Стены - финишный этап,Оклейка стен обоями на бумажной основе с подбором,м2,448
3.006,14.06,Стены - финишный этап,Оклейка стен обоями под окраску,м2,261
3.007,14.07,Стены - финишный этап,Оклейка стен фотообоями,м2,508
3.008,14.08,Стены - финишный этап,Оклейка стен стеклообоями,м2,244
3.009,14.09,Стены - финишный этап,Оклейка откосов обоями,п.м.,186
3.01,14.1,Стены - финишный этап,Оклейка обойного бордюра,п.м.,87
3.011,14.11,Стены - финишный этап,"Оклейка рельефных обоев (""дуплекс"")",м2,362
3.012,14.12,Стены - финишный этап,"Оклейка текстильных обоев (бамбук, джут и т.д.)",м2,565
3.013,14.13,Стены - финишный этап,Оклейка пробковых обоев,м2,452
3.014,14.14,Стены - финишный этап,Нанесение жидких обоев,м2,562
3.015,14.15,Стены - финишный этап,"Нанесение покрытия типа ""Байрамикс""",м2,928
3.016,14.16,Стены - финишный этап,Нанесение декоративной штукатурки*,м2,904
3.017,14.17,Стены - финишный этап,Нанесение фактурной штукатурки,м2,452
3.018,14.18,Стены - финишный этап,Венецианская штукатурка,м2,1504
3.019,14.19,Стены - финишный этап,Покрытие кирпича лаком (лофт),м2,304
3.02,14.2,Стены - финишный этап,Монтаж ПВХ уголков по работам на стенах,п.м.,113
3.021,14.21,Стены - финишный этап,Монтаж ПВХ/стеновых панелей с каркасом,м2,678
3.022,14.22,Стены - финишный этап,Монтаж ПВХ/стеновых панелей на клею,м2,452
3.023,14.23,Стены - финишный этап,Обшивка стен вагонкой с каркасом,м2,678
3.024,14.24,Стены - финишный этап,Установка декоративной рейки,п.м.,255
3.025,14.25,Стены - финишный этап,Укладка ламината на стену (на клею),м2,697
3.026,14.26,Стены - финишный этап,Установка декоров из полиуретана,п.м.,255
3.027,14.27,Стены - финишный этап,Установка декоров из гипса,п.м.,701
3.028,14.28,Стены - финишный этап,Установка скрытого люка под покраску/обои,шт.,700
3.029,11.18,Стены - финишный этап,Монтаж сэндвич-панелей ПВХ,п.м.,565
3.03,11.2,Стены - финишный этап,Установка пластиковых подоконников до 300 мм,п.м.,678
3.031,11.21,Стены - финишный этап,Установка пластиковых подоконников свыше 300 мм,п.м.,791
3.032,13.01,Стены - финишный этап,"Укладка керамической плитки стандартного размера (20х30,40) (стены)",м2,987
3.033,13.03,Стены - финишный этап,"Укладка керамической плитки стандартного размера (20х30,40) (стены) по диагонали",м2,1359
3.034,13.05,Стены - финишный этап,Укладка керамической плитки с декоративными вставками (стены),м2,1434
3.035,13.07,Стены - финишный этап,Укладка керамической плитки (более 20х40) (стены),м2,1524
3.036,13.09,Стены - финишный этап,Укладка керамической плитки (более 20х40) по диагонали (стены),м2,1651
3.037,13.11,Стены - финишный этап,Укладка керамической плитки (менее 20х30) (стены),м2,1493
3.038,13.13,Стены - финишный этап,Укладка керамической плитки (одна сторона менее 10 см) (стены),м2,2280
3.039,13.15,Стены - финишный этап,"Устройство ФАРТУКА керамической плиткой стандартного размера (20х30,40)",м2,1085
3.04,13.16,Стены - финишный этап,"Устройство ФАРТУКА керамической плиткой мелкого размера, мозаикой",м2,2508
3.041,13.17,Стены - финишный этап,Устройство ФАРТУКА кераогранитом (одна из сторон не более 590 мм),м2,1447
3.042,13.18,Стены - финишный этап,Устройство ФАРТУКА кераогранитом (одна из сторон более 590 мм),м2,2134
3.043,13.19,Стены - финишный этап,Укладка керамической плитки (менее 20х30) по диагонали (стены),м2,1651
3.044,13.21,Стены - финишный этап,Укладка плитки не правильной формы (более или менее 4-х углов),м2,1710
3.045,13.22,Стены - финишный этап,"Укладка плитки ""елочкой",м2,2240
3.046,13.24,Стены - финишный этап,Укладка керамическим бордюром,п.м.,978
3.047,13.25,Стены - финишный этап,Укладка плитки типа карандаш,п.м.,978
3.048,13.26,Стены - финишный этап,"Укладка зеркальной плитки стандартного размера (20х30,40)",м2,1725
3.049,13.27,Стены - финишный этап,Укладка бордюра из мозаики,п.м.,1304
3.05,13.28,Стены - финишный этап,Укладка металлических вставок в стык плитки,п.м.,292
3.051,13.29,Стены - финишный этап,Фигурный рез плитки,п.м.,468
3.052,13.3,Стены - финишный этап,Фигурный рез плитки (вырез узоров),шт.,666
3.053,13.31,Стены - финишный этап,Подрезка плитки,п.м.,233
3.054,13.33,Стены - финишный этап,Укладка керамогранита (стены)  (одна из сторон не более 590мм),м2,1315
3.055,13.35,Стены - финишный этап,Укладка керамогранита на стены крупноформатного(одна из сторон более 590мм),м2,1940
3.056,13.37,Стены - финишный этап,Укладка керамогранита на стены крупноформатного (одна из сторон более 1190мм),м2,2329
3.057,13.39,Стены - финишный этап,Укладка керамогранита на стены крупноформатного (одна из сторон более 1500мм),м2,3403
3.058,13.41,Стены - финишный этап,Укладка керамогранита на стены крупноформатного (одна из сторон более 1700мм),м2,4764
3.059,13.42,Стены - финишный этап,Подрезка керамогранита,п.м.,286
3.06,13.43,Стены - финишный этап,Облицовка мозаикой на подложке,м2,1956
3.061,13.44,Стены - финишный этап,"Облицовка мозаикой, мелкой плиткой",м2,2391
3.062,13.45,Стены - финишный этап,Подрезка мозаичной плитки,п.м.,336
3.063,13.46,Стены - финишный этап,Облицовка плиткой ступеней,м2,1493
3.064,13.47,Стены - финишный этап,Устройство плинтуса из плитки,п.м.,978
3.065,13.48,Стены - финишный этап,Монтаж плиточного порожка,шт.,1304
3.066,13.49,Стены - финишный этап,Облицовка стен мозаикой с подбором рисунка,м2,3152
3.067,13.5,Стены - финишный этап,Укладка мраморной плитки с 2-5мм швом (без декора),м2,1689
3.068,13.51,Стены - финишный этап,Укладка мраморной плитки встык без шва,м2,2339
3.069,13.52,Стены - финишный этап,Высверливание отверстия в керамической плитке,шт.,259
3.07,13.53,Стены - финишный этап,Высверливание отверстия в керамограните,шт.,388
3.071,13.54,Стены - финишный этап,Шлифовка плитки под заводской рез,п.м.,468
3.072,13.55,Стены - финишный этап,Подгонка торцов плитки внешних углов стен под 45*,п.м.,584
3.073,13.56,Стены - финишный этап,Подгонка торцов керамогранита внешних углов стен под 45*,п.м.,736
3.074,13.57,Стены - финишный этап,Запил мозаичной плитки под 45*,п.м.,752
3.075,13.58,Стены - финишный этап,"Облицовка стены декоративным камнем, декоративной, клинкерной плиткой",м2,1634
3.076,13.59,Стены - финишный этап,Затирка швов плитки,м2,186
3.077,13.6,Стены - финишный этап,"Затирка швов мозаики, швов мелкой плитки, формат менее 20*30",м2,288
3.078,13.61,Стены - финишный этап,Затирка швов эпоксидной затиркой,м2,865
3.079,13.62,Стены - финишный этап,"Затирка швов эпоксидной затиркой, швов мелкой плитки, бордюров, формат менее 20*30",м2,1265
3.08,13.63,Стены - финишный этап,Затирка клинкерной плитки/декоративного камня,м2,430
3.081,13.64,Стены - финишный этап,Установка углового профиля (для плитки),п.м.,194
3.082,13.65,Стены - финишный этап,Облицовка откосов плиткой,п.м.,909
4.001,08.01,Пол - черновой этап,Нанесение грунтовки на пол (за слой),м2,28
4.002,08.02,Пол - черновой этап,Нанесение грунтовки на пол (2 слоя),м2,57
4.003,08.03,Пол - черновой этап,Нанесение грунтовки на пол (3 слоя),м2,85
4.004,08.04,Пол - черновой этап,Нанесение грунтовки типа Бетоноконтакт на пол (за слой),м2,57
4.005,08.05,Пол - черновой этап,Антисептирование пола,м2,56
4.006,08.06,Пол - черновой этап,"Устройство ""сухого пола"" типа Knauf",м2,848
4.007,08.07,Пол - черновой этап,Устройство фальшполов типа Knauf толщ. до 100 мм,м2,791
4.008,08.08,Пол - черновой этап,Устройство фальшполов типа Knauf толщ. более 100 мм (на каждые 10 мм увеличения толщины),м2,203
4.009,08.09,Пол - черновой этап,Устройство стяжки цементно-песчаной толщ. от 30 мм до 60 мм,м2,650
4.01,08.10,Пол - черновой этап,Устройство стяжки цементно-песчаной более 60 мм,м2,678
4.011,08.11,Пол - черновой этап,Устройство стяжки цементно-песчаной более 60 мм (на каждые 10 мм увеличения толщины),м2,56
4.012,08.12,Пол - черновой этап,Укладка демпферной (кромочной) ленты,п.м.,93
4.013,08.13,Пол - черновой этап,Засыпка керамзита до 100 мм,м2,113
4.014,08.14,Пол - черновой этап,"Армирование стяжки сеткой, фиброй",м2,113
4.015,08.15,Пол - черновой этап,Устройство самонивелирующей стяжки до 3 мм,м2,226
4.016,08.16,Пол - черновой этап,Устройство самонивелирующей стяжки до 10 мм,м2,311
4.017,08.17,Пол - черновой этап,Устройство самонивелирующей стяжки от 10 мм до 20 мм,м2,373
4.018,08.18,Пол - черновой этап,Устройство самонивелирующей стяжки более 20 мм,м2,490
4.019,08.19,Пол - черновой этап,"Заливка цемента м300, для заливки рустов, технических ниш",м2,565
4.02,08.20,Пол - черновой этап,"Гидроизоляция пола (стеклоизолом, рулонные материалы)",м2,291
4.021,08.21,Пол - черновой этап,Гидроизоляция пола (мастиками),м2,226
4.022,08.22,Пол - черновой этап,Гидроизоляция пола пленкой ПВХ,м2,56
4.023,08.23,Пол - черновой этап,Проклейка гидроизоляции в углах в м.п,п.м.,304
4.024,08.24,Пол - черновой этап,Проварка швов гидроизоляции и шумоизоляции,п.м.,240
4.025,08.25,Пол - черновой этап,"Монтаж звукоизоляции (изовер, пенопласт) или теплоизоляции",м2,226
4.026,08.26,Пол - черновой этап,"Монтаж шумоизоляции ""Шумостоп""",м2,248
4.027,08.27,Пол - черновой этап,Монтаж звукоизоляции шуманет,м2,291
4.028,08.28,Пол - черновой этап,Ремонт дощатых полов,м2,226
4.029,08.29,Пол - черновой этап,Укладка деревянных лаг,м2,429
4.03,08.30,Пол - черновой этап,Укладка досок на пол,м2,339
4.031,08.31,Пол - черновой этап,"Укладка фанеры, ДСП, ОСБ в 1 слой",м2,203
4.032,08.32,Пол - черновой этап,"Укладка фанеры, ДСП, ОСБ в 2 слоя",м2,305
4.033,08.33,Пол - черновой этап,Шлифовка фанеры,м2,116
4.034,08.34,Пол - черновой этап,"Укладка ДВП, оргалита",м2,181
4.035,08.35,Пол - черновой этап,Заделка и герметизация (монтажной пеной) меж. плиточных швов по полу,п.м.,118
4.036,08.36,Пол - черновой этап,Заделка и герметизация отверстий (монтажной пеной),шт.,56
4.037,08.37,Пол - черновой этап,"Устройство порога, подиума из бетона до 100 мм",п.м.,1130
4.038,08.38,Пол - черновой этап,Устройство подиума из кирпича (до 5 м2) за 1м2,м2,630
4.039,08.39,Пол - черновой этап,Устройство подиума из кирпича свыше 5 м2,м2,420
4.04,30.01,Пол - черновой этап,"Устройство полусухой стяжки до 50 мм до 40 м2 с материалом - ручной способ
* Цены актуальны с учетом доставки в пределах МКАД, за пределами МКАД, цены просчитываются отдельно.** Подъем оборудования по лестнице и разгрузка считаются отдельно",шт.,91700
4.041,30.02,Пол - черновой этап,"Устройство полусухой стяжки до 50 мм (до 70 м2 до 50 мм) с материалом - ручной способ
* Цены актуальны с учетом доставки в пределах МКАД, за пределами МКАД, цены просчитываются отдельно.
** Подъем оборудования по лестнице и разгрузка считаются отдельно",м2,1840
4.042,30.03,Пол - черновой этап,"Устройство полусухой стяжки до 50 мм (от 71 до 100 м2 до 50 мм) с материалом - ручной способ
* Цены актуальны с учетом доставки в пределах МКАД, за пределами МКАД, цены просчитываются отдельно.
** Подъем оборудования по лестнице и разгрузка считаются отдельно",м2,1670
4.043,30.04,Пол - черновой этап,"Устройство полусухой стяжки до 50 мм (от 101 до 250 м2 до 50 мм) с материалом - механизированный способ
* Цены актуальны с учетом доставки в пределах МКАД, за пределами МКАД, цены просчитываются отдельно.
** Подъем оборудования по лестнице и разгрузка считаются отдельно",м2,1340
4.044,30.05,Пол - черновой этап,"Устройство полусухой стяжки до 50 мм (от 251 м2 до 50 мм) с материалом - механизированный способ
* Цены актуальны с учетом доставки в пределах МКАД, за пределами МКАД, цены просчитываются отдельно.
** Подъем оборудования по лестнице и разгрузка считаются отдельно",м2,1250
4.045,30.06,Пол - черновой этап,"Добавляется при толщине слоя более 50 мм, за каждые 10 мм толщины - механизированный и ручной способ",м2,280
5.001,12.01,Пол - финишный этап,"Настил бытового линолеума, ковролина",м2,226
5.002,12.02,Пол - финишный этап,Настил линолеума на клею,м2,306
5.003,12.03,Пол - финишный этап,Настил коммерческого линолеума,м2,283
5.004,12.04,Пол - финишный этап,Проварка швов линолеума,п.м.,90
5.005,12.05,Пол - финишный этап,Укладка паркетной/инженерной доски с замком,м2,452
5.006,12.06,Пол - финишный этап,Укладка паркетной/инженерной доски с замком по диагонали,м2,678
5.007,12.07,Пол - финишный этап,Укладка паркетной/инженерной доски (массива) на клей,м2,678
5.008,12.08,Пол - финишный этап,Укладка паркетной/инженерной доски (массива) на клей по диагонали,м2,791
5.009,12.09,Пол - финишный этап,Укладка паркетной/инженерной доски елочкой,м2,1590
5.01,12.1,Пол - финишный этап,Укладка ламината (с подложкой),м2,395
5.011,12.11,Пол - финишный этап,Укладка ламината (с подложкой) по диагонали,м2,464
5.012,12.12,Пол - финишный этап,Укладка ламината на клею,м2,497
5.013,12.13,Пол - финишный этап,"Укладка ламината с подложкой ""елочкой""",м2,790
5.014,12.14,Пол - финишный этап,Укладка кварцвиниловой плитки с замком/ламината SPC,м2,452
5.015,12.15,Пол - финишный этап,Укладка кварцвиниловой плитки с замком/ламината SPC по диагонали,м2,538
5.016,12.16,Пол - финишный этап,Укладка кварцвиниловой плитки с замком на клеевой материал,м2,577
5.017,12.17,Пол - финишный этап,Укладка кварцвиниловой плитки елочкой на клею,м2,1152
5.018,12.18,Пол - финишный этап,Укладка кварцвиниловой плитки елочкой замком,м2,1075
5.019,12.19,Пол - финишный этап,Укладка пробкового покрытия на замок,м2,452
5.02,12.2,Пол - финишный этап,Укладка пробкового покрытия на клей,м2,565
5.021,12.21,Пол - финишный этап,Установка пробкового компенсатора,шт.,678
5.022,12.22,Пол - финишный этап,Укладка прорезиненного покрытия для спортзала,м2,1400
5.023,12.23,Пол - финишный этап,"Фигурная резка ламината, паркетной доски",п.м.,113
5.024,12.24,Пол - финишный этап,Монтаж плинтуса/декоративных уголков ПВХ,п.м.,141
5.025,12.25,Пол - финишный этап,Монтаж плинтусов деревянных МДФ/полиуретан,п.м.,262
5.026,12.26,Пол - финишный этап,Монтаж плинтуса скрытого монтажа,п.м.,504
5.027,12.27,Пол - финишный этап,Запил плинтуса под 45,шт.,40
5.028,12.28,Пол - финишный этап,Подрезка/подгонка плиннтуса свыше 4-х углов в комнате МДФ/Полиуретан,шт.,246
5.029,12.29,Пол - финишный этап,Монтаж профиля для плинтуса скрытого монтажа,п.м.,263
5.03,12.3,Пол - финишный этап,Распил фанеры под укладку паркетной/инженерной доски,п.м.,35
5.031,12.31,Пол - финишный этап,"Покраска (покрытие лаком) плинтуса, наличника",п.м.,99
5.032,12.32,Пол - финишный этап,Установка закладной под порожек,п.м.,278
5.033,12.33,Пол - финишный этап,Установка порожков металлических,шт.,198
5.034,13.02,Пол - финишный этап,"Укладка керамической плитки стандартного размера (30х30,20х30,40) (пол)",м2,897
5.035,13.04,Пол - финишный этап,"Укладка керамической плитки стандартного размера (20х30,40) (пол) по диагонали",м2,1235
5.036,13.06,Пол - финишный этап,Укладка керамической плитки с декоративными вставками (пол),м2,1304
5.037,13.08,Пол - финишный этап,Укладка керамической плитки (более 20х40) (пол),м2,1385
5.038,13.1,Пол - финишный этап,Укладка керамической плитки (более 20х40) по диагонали (пол),м2,1501
5.039,13.12,Пол - финишный этап,Укладка керамической плитки (менее 20х30) (пол),м2,1357
5.04,13.14,Пол - финишный этап,Укладка керамической плитки (одна сторона менее 10 см) (пол),м2,2120
5.041,13.2,Пол - финишный этап,Укладка керамической плитки (менее 20х30) по диагонали (пол),м2,1501
5.042,13.21,Пол - финишный этап,Укладка плитки не правильной формы (более или менее 4-х углов),м2,1710
5.043,13.22,Пол - финишный этап,"Укладка плитки ""елочкой",м2,2240
5.044,13.23,Пол - финишный этап,"Укладка керамической плитки пола ""панно""",м2,1473
5.045,13.24,Пол - финишный этап,Укладка керамическим бордюром,п.м.,978
5.046,13.25,Пол - финишный этап,Укладка плитки типа карандаш,п.м.,978
5.047,13.26,Пол - финишный этап,"Укладка зеркальной плитки стандартного размера (20х30,40)",м2,1725
5.048,13.27,Пол - финишный этап,Укладка бордюра из мозаики,п.м.,1304
5.049,13.28,Пол - финишный этап,Укладка металлических вставок в стык плитки,п.м.,292
5.05,13.29,Пол - финишный этап,Фигурный рез плитки,п.м.,468
5.051,13.3,Пол - финишный этап,Фигурный рез плитки (вырез узоров),шт.,666
5.052,13.31,Пол - финишный этап,Подрезка плитки,п.м.,233
5.053,13.32,Пол - финишный этап,Укладка керамогранита (пол) (одна из сторон не более 590мм),м2,1195
5.054,13.34,Пол - финишный этап,Укладка керамогранита на пол крупноформатного (одна из сторон более 590мм),м2,1764
5.055,13.36,Пол - финишный этап,Укладка керамогранита на пол крупноформатного (одна из сторон более 1190мм),м2,2117
5.056,13.38,Пол - финишный этап,Укладка керамогранита на пол крупноформатного (одна из сторон более 1500мм),м2,3049
5.057,13.4,Пол - финишный этап,Укладка керамогранита на пол крупноформатного (одна из сторон более 1700мм),м2,4268
5.058,13.42,Пол - финишный этап,Подрезка керамогранита,п.м.,286
5.059,13.43,Пол - финишный этап,Облицовка мозаикой на подложке,м2,1956
5.06,13.44,Пол - финишный этап,"Облицовка мозаикой, мелкой плиткой",м2,2391
5.061,13.45,Пол - финишный этап,Подрезка мозаичной плитки,п.м.,336
5.062,13.46,Пол - финишный этап,Облицовка плиткой ступеней,м2,1493
5.063,13.47,Пол - финишный этап,Устройство плинтуса из плитки,п.м.,978
5.064,13.48,Пол - финишный этап,Монтаж плиточного порожка,шт.,1304
5.065,13.5,Пол - финишный этап,Укладка мраморной плитки с 2-5мм швом (без декора),м2,1689
5.066,13.51,Пол - финишный этап,Укладка мраморной плитки встык без шва,м2,2339
5.067,13.52,Пол - финишный этап,Высверливание отверстия в керамической плитке,шт.,259
5.068,13.53,Пол - финишный этап,Высверливание отверстия в керамограните,шт.,388
5.069,13.54,Пол - финишный этап,Шлифовка плитки под заводской рез,п.м.,468
5.07,13.57,Пол - финишный этап,Запил мозаичной плитки под 45*,п.м.,752
5.071,13.59,Пол - финишный этап,Затирка швов плитки,м2,186
5.072,13.6,Пол - финишный этап,"Затирка швов мозаики, швов мелкой плитки, формат менее 20*30",м2,288
5.073,13.61,Пол - финишный этап,Затирка швов эпоксидной затиркой,м2,865
5.074,13.62,Пол - финишный этап,"Затирка швов эпоксидной затиркой, швов мелкой плитки, бордюров, формат менее 20*30",м2,1265
5.075,13.63,Пол - финишный этап,Затирка клинкерной плитки/декоративного камня,м2,430
5.076,13.64,Пол - финишный этап,Установка углового профиля (для плитки),п.м.,194
5.077,13.65,Пол - финишный этап,Облицовка откосов плиткой,п.м.,909
6.001,10.01,Потолок - черновой этап,Нанесение грунтовки на потолок (за слой),м2,34
6.002,10.02,Потолок - черновой этап,Нанесение грунтовки на потолок (2 слоя),м2,68
6.003,10.03,Потолок - черновой этап,Нанесение грунтовки на потолок (3 слоя),м2,102
6.004,10.04,Потолок - черновой этап,Нанесение грунтовки типа Бетоноконтакт на потолок (за слой),м2,68
6.005,10.05,Потолок - черновой этап,Антисептирование потолка,м2,68
6.006,10.06,Потолок - черновой этап,Штукатурка потолка до 20 мм (по маякам),м2,671
6.007,10.07,Потолок - черновой этап,Штукатурка потолка более 20 мм по маякам (на каждые 10 мм увеличения толщины),м2,254
6.008,10.08,Потолок - черновой этап,Визуальное выравнивание потолка (штукатурка простая),м2,490
6.009,10.09,Потолок - черновой этап,Механизированная штукатурка потолка (от 200 м2),м2,875
6.01,10.1,Потолок - черновой этап,Глянцевание механизированной штукатурки потолка,м2,200
6.011,10.11,Потолок - черновой этап,Укладка штукатурной/шпаклёвочной/паутинки сетки на потолок,м2,170
6.012,10.12,Потолок - черновой этап,Поклейка стеклохолста на потолок,м2,207
6.013,10.13,Потолок - черновой этап,Высококачественная шпаклевка и шлифовка потолка под покраску (К4),м2,742
6.014,10.14,Потолок - черновой этап,Шпаклевка и шлифовка потолка (под покраску)(К3),м2,494
6.015,10.15,Потолок - черновой этап,Шпаклевка потолка под обои (со шлифовкой)(К2),м2,413
6.016,10.16,Потолок - черновой этап,Шпаклевка потолка под стеклохолст (со шлифовкой),м2,413
6.017,10.17,Потолок - черновой этап,Шпаклевка потолка сплошная в 1 слой(без ошкуривания),м2,256
6.018,10.18,Потолок - черновой этап,Проклейка швов ГКЛ серпянкой/малярным бинтом,п.м.,82
6.019,10.19,Потолок - черновой этап,Заделка швов ГКЛ в работах по потолку,п.м.,168
6.02,10.2,Потолок - черновой этап,Укладка малярной(серпянки) сетки,п.м.,135
6.021,10.21,Потолок - черновой этап,"Монтаж звуко(изовер, минвата, шуманет.)/теплоизоляции (в металлокаркас)",м2,271
6.022,10.22,Потолок - черновой этап,"Монтаж звуко(изовер, минвата, шуманет.)/теплоизоляции (клеево-грибковый монтаж)",м2,480
6.023,10.23,Потолок - черновой этап,Устройство звукоизоляции на потолок ЗИПС панель (с обшивкой ГКЛ 1 слой),м2,1680
6.024,10.24,Потолок - черновой этап,"Монтаж каркаса, обрешетки в работах по потолку",м2,396
6.025,10.25,Потолок - черновой этап,Монтаж ГКЛ потолков (1 слой),м2,705
6.026,10.26,Потолок - черновой этап,Монтаж ГКЛ потолков (2 слоя),м2,1017
6.027,10.27,Потолок - черновой этап,Нашивка листа ГКЛ на готовый каркас,м2,330
6.028,10.28,Потолок - черновой этап,"Перепад высот на потолке, откосы, ниши из гипсокартона (прямолинейный край)",п.м.,791
6.029,10.29,Потолок - черновой этап,"Перепад высот на потолке, откосы, ниши из гипсокартона (криволинейный край, узор)",п.м.,941
6.03,10.3,Потолок - черновой этап,Устройство коробов,п.м.,1243
6.031,10.31,Потолок - черновой этап,Устройство ниш из ГКЛ для скрытой подсветки,п.м.,1243
6.032,10.32,Потолок - черновой этап,Устройство ниш из ГКЛ под карнизы штор,п.м.,1017
6.033,10.33,Потолок - черновой этап,Монтаж фризовой полосы из ГКЛ шириной до 60 см без ниш,п.м.,1500
6.034,10.34,Потолок - черновой этап,Монтаж фризовой полосы из ГКЛ шириной до 60 см с нишами,п.м.,2100
6.035,10.35,Потолок - черновой этап,Заделка и герметизация (монтажной пеной) меж плиточных швов,п.м.,203
6.036,10.36,Потолок - черновой этап,Заделка трещин рустов,п.м.,169
6.037,10.37,Потолок - черновой этап,Сверление отверстия в ГКЛ,шт.,135
6.038,10.38,Потолок - черновой этап,Установка малярного уголка в работах по потолку,п.м.,136
6.039,10.39,Потолок - черновой этап,Монтаж закладной под трековый светильник,п.м.,240
7.001,18.01,Электрика - черновой этап,Устройство временного электроснабжения,м2,34
7.002,18.02,Электрика - черновой этап,Диагностика электропроводки,чел/час,904
7.003,18.03,Электрика - черновой этап,Пробивка отверстия Ø до 25мм в гипсолитовых стене,шт.,169
7.004,18.04,Электрика - черновой этап,Пробивка отверстия Ø до 25мм в кирпичной стене,шт.,203
7.005,18.05,Электрика - черновой этап,Пробивка отверстия Ø до 25мм в бетонной стене,шт.,339
7.006,18.06,Электрика - черновой этап,Штробление потолка 20*20 мм,п.м.,507
7.007,18.07,Электрика - черновой этап,Штробление в бетонной стяжке 20*20 мм,п.м.,452
7.008,18.08,Электрика - черновой этап,Штробление в бетонной стяжке 60*60 мм,п.м.,678
7.009,18.09,Электрика - черновой этап,Штробление в бетонных стенах 20*20 мм,п.м.,390
7.01,18.1,Электрика - черновой этап,Штробление в бетонных стенах 30*50 мм,п.м.,678
7.011,18.11,Электрика - черновой этап,Штробление в бетонных стенах 50*100 мм,п.м.,904
7.012,18.12,Электрика - черновой этап,Штробление в кирпичных стенах 20*20 мм,п.м.,278
7.013,18.13,Электрика - черновой этап,Штробление в кирпичных стенах 30*50 мм,п.м.,339
7.014,18.14,Электрика - черновой этап,Штробление в кирпичных стенах 50*100 мм,п.м.,678
7.015,18.15,Электрика - черновой этап,Штробление в гипсолитовых стенах 20*20 мм,п.м.,226
7.016,18.16,Электрика - черновой этап,Штробление в гипсолитовых стенах 30*50 мм,п.м.,339
7.017,18.17,Электрика - черновой этап,Штробление в гипсолитовых стенах 50*100 мм,п.м.,452
7.018,18.18,Электрика - черновой этап,Штробление в гипсокартонных стенах 20*20 мм,п.м.,169
7.019,18.19,Электрика - черновой этап,Штробление в гипсокартонных стенах 30*50 мм,п.м.,226
7.02,18.2,Электрика - черновой этап,Штробление в гипсокартонных стенах 50*100 мм,п.м.,283
7.021,18.21,Электрика - черновой этап,Заделка штроб,п.м.,51
7.022,18.22,Электрика - черновой этап,Заделка штроб на потолке,п.м.,110
7.023,18.37,Электрика - черновой этап,Монтаж крюка под навеску люстры,шт.,204
7.024,18.42,Электрика - черновой этап,Прокладка провода в гофре/пнд трубе,п.м.,102
7.025,18.43,Электрика - черновой этап,Прокладка провода в гофре/пнд трубе по потолку,п.м.,122
7.026,18.44,Электрика - черновой этап,Прокладка провода,п.м.,56
7.027,18.45,Электрика - черновой этап,"Прокладка слаботочных кабелей (TV, LAN, AUX) в гофре/пнд трубе",п.м.,102
7.028,18.46,Электрика - черновой этап,"Прокладка слаботочных кабелей (TV, LAN, AUX)",п.м.,56
7.029,18.47,Электрика - черновой этап,"Установка подрозетника в ж/бетонной стене (с устройством гнезда, включая сверление отверстия коронкой)",шт.,435
7.03,18.48,Электрика - черновой этап,"Установка подрозетника в кирпичной стене (с устройством гнезда, включая сверление отверстия коронкой)",шт.,395
7.031,18.49,Электрика - черновой этап,"Установка подрозетника в гипсолитовой стене (с устройством гнезда, включая сверление отверстия коронкой)",шт.,283
7.032,18.5,Электрика - черновой этап,"Установка подрозетника в стене из ГКЛ (с устройством гнезда, включая сверление отверстия коронкой)",шт.,169
7.033,18.55,Электрика - черновой этап,Установка распределительной коробки скрытой (с подключением),шт.,678
7.034,18.56,Электрика - черновой этап,Установка распределительной коробки скрытой в ГКЛ (с подключением),шт.,452
7.035,18.57,Электрика - черновой этап,Установка скрытой электропанели до 12 автоматов со штроблением (бетон),шт.,4840
7.036,18.58,Электрика - черновой этап,Установка скрытой электропанели до 24 автоматов со штроблением (бетон),шт.,6840
7.037,18.59,Электрика - черновой этап,Установка скрытой электропанели до 36 автоматов со штроблением (бетон),шт.,9340
7.038,18.6,Электрика - черновой этап,Установка скрытой электропанели до 54 автоматов со штроблением (бетон),шт.,11560
7.039,18.61,Электрика - черновой этап,Установка скрытой электропанели до 12 автоматов со штроблением (кирпич),шт.,4414
7.04,18.62,Электрика - черновой этап,Установка скрытой электропанели до 24 автоматов со штроблением (кирпич),шт.,6380
7.041,18.63,Электрика - черновой этап,Установка скрытой электропанели до 36 автоматов со штроблением (кирпич),шт.,8340
7.042,18.64,Электрика - черновой этап,Установка скрытой электропанели до 54 автоматов со штроблением (кирпич),шт.,10830
7.043,18.65,Электрика - черновой этап,Установка скрытой электропанели до 12 автоматов со штроблением (гипсолит),шт.,4052
7.044,18.66,Электрика - черновой этап,Установка скрытой электропанели до 24 автоматов со штроблением (гипсолит),шт.,5980
7.045,18.67,Электрика - черновой этап,Установка скрытой электропанели до 36 автоматов со штроблением (гипсолит),шт.,7680
7.046,18.68,Электрика - черновой этап,Установка скрытой электропанели до 54 автоматов со штроблением (гипсолит),шт.,9880
7.047,18.69,Электрика - черновой этап,Расключение щитка 12,шт.,2000
7.048,18.7,Электрика - черновой этап,Расключение щитка 24,шт.,2990
7.049,18.71,Электрика - черновой этап,Расключение щитка 36,шт.,3840
7.05,18.72,Электрика - черновой этап,Расключение щитка 54,шт.,4940
7.051,18.82,Электрика - черновой этап,Подключение к вводному щиту,шт.,1411
7.052,18.93,Электрика - черновой этап,Устройство теплового пола (до 10 кв. м),м2,734
7.053,18.94,Электрика - черновой этап,Устройство теплового пола (свыше 10 кв. м),м2,395
7.054,18.101,Электрика - черновой этап,Наращивания кабеля (спайка + термоусадка),шт.,198
7.055,18.102,Электрика - черновой этап,Опрессовка проводов за жилу,шт.,232
7.056,18.105,Электрика - черновой этап,Соединение медных проводов пайкой + термоусадка,шт.,198
7.057,18.107,Электрика - черновой этап,Составление исполнительной схемы,м2,224
7.058,18.54,Электрика - черновой этап,Установка распределительной коробки накладной (с подключением),шт.,452
7.059,18.73,Электрика - черновой этап,Установка распределительной панели (накладная),шт.,1956
7.06,18.74,Электрика - черновой этап,Монтаж автоматического выключателя однополюсного,шт.,320
7.061,18.75,Электрика - черновой этап,Монтаж автоматического выключателя двухполюсного,шт.,395
7.062,18.76,Электрика - черновой этап,Монтаж автоматического выключателя трехполюсного,шт.,508
7.063,18.77,Электрика - черновой этап,Монтаж дифференциального автомата 1-фазного,шт.,435
7.064,18.78,Электрика - черновой этап,Монтаж дифференциального автомата 2-фазного,шт.,508
7.065,18.79,Электрика - черновой этап,Монтаж дифференциального автомата 3-фазного,шт.,621
7.066,18.8,Электрика - черновой этап,Монтаж УЗО двухполюсного,шт.,508
7.067,18.81,Электрика - черновой этап,Монтаж УЗО четырехполюсного,шт.,678
7.068,18.83,Электрика - черновой этап,Установка реле напряжения однофазное 220вт,шт.,968
7.069,18.84,Электрика - черновой этап,Установка реле напряжения трёхфазное 380вт. ,шт.,2024
7.07,18.85,Электрика - черновой этап,Установка счетчика электрического однофазного (без пломбирования),шт.,2260
7.071,18.86,Электрика - черновой этап,Установка счетчика электрического трехфазного (без пломбирования),шт.,4068
8.001,18.23,Электрика - чистовой этап,Монтаж электровентилятора,шт.,452
8.002,18.24,Электрика - чистовой этап,Установка люстры с креплением на крюк (без сборки),шт.,678
8.003,18.25,Электрика - чистовой этап,Установка люстры с креплением к потолку весом до 3 кг,шт.,1243
8.004,18.26,Электрика - чистовой этап,Установка люстры с креплением к потолку весом свыше 3 кг,шт.,2825
8.005,18.27,Электрика - чистовой этап,Установка трекового светильника накладного (с установкой светильника),шт.,416
8.006,18.28,Электрика - чистовой этап,Установка трекового светильника встроенного (с установкой светильника),шт.,740
8.007,18.29,Электрика - чистовой этап,Установка точечных светильников (споты),шт.,390
8.008,18.3,Электрика - чистовой этап,Установка трансформатора,шт.,396
8.009,18.31,Электрика - чистовой этап,Установка светильника настенного (бра),шт.,606
8.01,18.32,Электрика - чистовой этап,Сборка бра/люстры,шт.,1120
8.011,18.33,Электрика - чистовой этап,Установка неоновой (светодиодной) подсветки,п.м.,223
8.012,18.34,Электрика - чистовой этап,Установка контроллера светодиодной подсветки,шт.,1114
8.013,18.35,Электрика - чистовой этап,Монтаж короба для подсведки (с установкой рассеивателя),п.м.,102
8.014,18.36,Электрика - чистовой этап,Установка светильника в потолке типа «Armstrong»,шт.,395
8.015,18.38,Электрика - чистовой этап,Установка проходного выключателя,шт.,452
8.016,18.39,Электрика - чистовой этап,Установка электроточки (розетка/выключателя) накладной,шт.,278
8.017,18.4,Электрика - чистовой этап,Установка розетки накладной для электроплиты,шт.,678
8.018,18.41,Электрика - чистовой этап,Установка розетки скрытой подводки для электроплиты,шт.,1017
8.019,18.51,Электрика - чистовой этап,Установка электроточки (розетка/выключателя),шт.,226
8.02,18.52,Электрика - чистовой этап,Установка панелей (рамок) розеток и выключателей ,шт.,59
8.021,18.53,Электрика - чистовой этап,"Установка механизмов розеток, выключателей и диммира (в подрозетник)",шт.,167
8.022,18.87,Электрика - чистовой этап,"Подключение подсветок зеркал, шкафов и т.д.",шт.,395
8.023,18.88,Электрика - чистовой этап,Установка звонка,шт.,390
8.024,18.89,Электрика - чистовой этап,Установка аудиодомофона,шт.,557
8.025,18.9,Электрика - чистовой этап,Установка видеодомофона (1+1),шт.,1452
8.026,18.91,Электрика - чистовой этап,Подключение водонагревателя,шт.,395
8.027,18.92,Электрика - чистовой этап,Установка терморегулятора теплого пола,шт.,452
8.028,18.95,Электрика - чистовой этап,Установка короба (кабель-канала) под проводку,п.м.,102
8.029,18.96,Электрика - чистовой этап,Установка мастер кнопки (без разделения),шт.,890
8.03,18.97,Электрика - чистовой этап,Установка реле перекоса фаз,шт.,1250
8.031,18.98,Электрика - чистовой этап,Установка мастер кнопки (с разделением на отключаемую группу),шт.,1391
8.032,18.99,Электрика - чистовой этап,Установка импульсного реле,шт.,435
8.033,18.1,Электрика - чистовой этап,Установка кросс-модуля с подключением,шт.,1250
8.034,18.103,Электрика - чистовой этап,Подключение блока управления системы защиты от протечек (с установкой 3-х датчиков),шт.,800
8.035,18.104,Электрика - чистовой этап,Установка датчика системы защиты от протечек,шт.,80
8.036,18.106,Электрика - чистовой этап,Установка контактора,шт.,950
8.037,23.52,Электрика - чистовой этап,Монтаж закладной и установка точечного светильника (кругл.),шт.,750
8.038,23.53,Электрика - чистовой этап,Монтаж закладной и установка точечного светильника (квадр.),шт.,850
8.039,23.54,Электрика - чистовой этап,Внутренняя вклейка термокольца,шт.,650
8.04,23.55,Электрика - чистовой этап,Установка прямоугольного встроенного светильника с изготовлением платформы,шт.,2200
8.041,23.56,Электрика - чистовой этап,Монтаж закладной и установка накладного светильника,шт.,850
8.042,23.57,Электрика - чистовой этап,Монтаж закладной и установка подвесного светильника (за точку крепления),шт.,1100
8.043,23.58,Электрика - чистовой этап,Монтаж закладной под люстру потолочную диаметром до 300 мм,шт.,650
8.044,23.59,Электрика - чистовой этап,Установка крючка под люстру,шт.,450
8.045,23.6,Электрика - чистовой этап,Установка люстры,шт.,750
8.046,23.61,Электрика - чистовой этап,Установка накладного трекового светильника,п.м.,850
8.047,23.62,Электрика - чистовой этап,Обрыв встроенного шинопровода,шт.,2300
8.048,23.63,Электрика - чистовой этап,Поворот встроенного шинопровода,шт.,2500
8.049,23.64,Электрика - чистовой этап,Стык со стеной встроенного шинопровода,шт.,2500
8.05,23.65,Электрика - чистовой этап,Установка системы встроенного шинопровода (материал в стоимоть не входит),шт.,2700
8.051,23.66,Электрика - чистовой этап,Световые линии Flexy (ширина 3 см),п.м.,3550
8.052,23.67,Электрика - чистовой этап,Световые линии Flexy (ширина 5 см),п.м.,3850
8.053,23.68,Электрика - чистовой этап,Поворот линии Flexy,шт.,1600
8.054,23.69,Электрика - чистовой этап,Стык со стеной линии Flexy,шт.,1600
8.055,23.7,Электрика - чистовой этап,Нишевые световые линии SLOTT,п.м.,7800
8.056,23.71,Электрика - чистовой этап,Пересечение световых линий Flexy,шт.,2000
8.057,23.72,Электрика - чистовой этап,Обрыв на заглушке линии SLOTT,шт.,2300
8.058,23.73,Электрика - чистовой этап,Обрыв на заглушке линии Flexy,шт.,1000
8.059,23.74,Электрика - чистовой этап,Поворот линии SLOTT,шт.,2300
8.06,23.75,Электрика - чистовой этап,Стык со стеной линии SLOTT,шт.,3700
8.061,23.76,Электрика - чистовой этап,Монтаж светодиодной ленты в профиль,п.м.,250
8.062,23.77,Электрика - чистовой этап,Установка трансформатора/диммера/шимм-модуля для светодиодной ленты,шт.,650
8.063,23.78,Электрика - чистовой этап,Пересечение световых линий SLOTT,шт.,4500
9.001,17.01,Сантнехника - черновой этап,Комплексная разводка труб водоснабжения (полипропилен) до 5 метров,точка,1763
9.002,17.02,Сантнехника - черновой этап,Комплексная разводка труб водоснабжения (сшитый полиэтилен) до 5 метров,точка,2147
9.003,17.03,Сантнехника - черновой этап,Монтаж обратного клапана,шт.,339
9.004,17.04,Сантнехника - черновой этап,Пневмо/гидро испытания трубопроводов водоснабжения (от счётчика до водорозеток),шт.,370
9.005,17.05,Сантнехника - черновой этап,Установка точки водоснабжения (водорозетки),шт.,565
9.006,17.06,Сантнехника - черновой этап,Комплексная разводка труб канализации (ПВХ) до 5 метров,точка,1695
9.007,17.07,Сантнехника - черновой этап,Монтаж канализационного насоса,шт.,2260
9.008,17.08,Сантнехника - черновой этап,Теплоизоляция труб водоснабжения,п.м.,56
9.009,17.09,Сантнехника - черновой этап,Монтаж звукоизоляции для канализационных труб,п.м.,280
9.01,17.1,Сантнехника - черновой этап,Устройство сантехнической штробы 40х50 мм с заделкой в пгп стене,п.м.,339
9.011,17.11,Сантнехника - черновой этап,Устройство сантехнической штробы 40х50 мм с заделкой в кирпичной стене,п.м.,452
9.012,17.12,Сантнехника - черновой этап,Устройство сантехнической штробы 40х50 мм с заделкой в монолитной стене,п.м.,678
9.013,17.13,Сантнехника - черновой этап,Заделка штроб,п.м.,77
9.014,17.14,Сантнехника - черновой этап,Установка коллекторов (гребенка),шт.,1130
9.015,17.15,Сантнехника - черновой этап,Установка шарового крана,шт.,339
9.016,17.16,Сантнехника - черновой этап,Установка счетчика воды,шт.,1130
9.017,17.17,Сантнехника - черновой этап,Установка фильтра грубой очистки,шт.,339
9.018,17.18,Сантнехника - черновой этап,Установка фильтра тонкой очистки,шт.,1130
9.019,17.19,Сантнехника - черновой этап,Установка фильтров очистки воды с подсоединением к канализации,шт.,1695
9.02,17.2,Сантнехника - черновой этап,Установка регулятора давления,шт.,565
9.021,17.21,Сантнехника - черновой этап,Установка фитинга/футорка/нипель/уголок,шт.,170
9.022,17.22,Сантнехника - черновой этап,Замена вводных кранов,шт.,565
9.023,17.23,Сантнехника - черновой этап,Установка комплекта сервоприводов системы защиты от протечек,шт.,3155
9.024,17.24,Сантнехника - черновой этап,Установка компенсатора гидроударов,шт.,550
9.025,17.25,Сантнехника - черновой этап,Установка и подключение раковины (без смесителя),шт.,1130
9.026,17.26,Сантнехника - черновой этап,"Установка и подключение раковины типа ""Мойдодыр"" (без смесителя)",шт.,1356
9.027,17.27,Сантнехника - черновой этап,"Установка и подключение раковины типа ""Тюльпан"" (без смесителя)",шт.,1356
9.028,17.28,Сантнехника - черновой этап,"Установка с подключением ванны (стальная, акриловая)",шт.,2880
9.029,17.29,Сантнехника - черновой этап,"Установка с подключением ванны типа ""джакузи""",шт.,6102
9.03,17.3,Сантнехника - черновой этап,Установка с подключением ванны гидромассажной,шт.,7910
9.031,17.31,Сантнехника - черновой этап,Установка с подключением чугунной ванны,шт.,6160
9.032,17.32,Сантнехника - черновой этап,Сборка/установка каркаса под ванну,шт.,400
9.033,17.33,Сантнехника - черновой этап,Установка готового экрана под ванну,шт.,1130
9.034,17.34,Сантнехника - черновой этап,Гидроизоляция швов ванны,п.м.,169
9.035,17.35,Сантнехника - черновой этап,Шумоизоляция ванны,шт.,1440
9.036,17.36,Сантнехника - черновой этап,Установка с подключением душевой кабины,шт.,6780
9.037,17.37,Сантнехника - черновой этап,Установка с подключением душевой кабины с гидромассажем,шт.,10170
9.038,17.38,Сантнехника - черновой этап,Установка с подключением душевой кабины с гидромассажем+парогенератор,шт.,12430
9.039,17.39,Сантнехника - черновой этап,"Устройство поддона душевой кабины, уголка на каркасе",шт.,2614
9.04,17.4,Сантнехника - черновой этап,"Установка поддона, уголка с устройством подиума из кирпича/блока",шт.,4356
9.041,17.41,Сантнехника - черновой этап,"Устройство подиума (кладка, стяжка, гидроизоляция)",шт.,7260
9.042,17.42,Сантнехника - черновой этап,Гидроизоляция швов душевой кабины,компл.,2825
9.043,17.43,Сантнехника - черновой этап,Монтаж пластиковых штор сантехнических,шт.,1017
9.044,17.44,Сантнехника - черновой этап,Монтаж стеклянных штор/дверок,шт.,3390
9.045,17.45,Сантнехника - черновой этап,Монтаж трапа сантехнического,шт.,726
9.046,17.47,Сантнехника - черновой этап,Установка инсталляции,шт.,4520
9.047,17.48,Сантнехника - черновой этап,Монтаж подвесного унитаза,шт.,2500
9.048,17.5,Сантнехника - черновой этап,Установка с подключением сифона (пластиковый),шт.,452
9.049,17.51,Сантнехника - черновой этап,Установка с подключением сифона (металлический),шт.,960
9.05,17.52,Сантнехника - черновой этап,Установка с подключением смесителя,шт.,678
9.051,17.53,Сантнехника - черновой этап,Установка с подключением смесителя терморегулирующего,шт.,1130
9.052,17.54,Сантнехника - черновой этап,Установка с подключением электронного смесителя,шт.,1695
9.053,17.55,Сантнехника - черновой этап,Установка смесителя скрытого монтажа (система),шт.,12000
9.054,17.61,Сантнехника - черновой этап,Перепайка пластикового полотенцесушителя,шт.,5000
9.055,17.75,Сантнехника - черновой этап,Установка радиатора без сварки труб,шт.,4066
9.056,17.76,Сантнехника - черновой этап,"Установка радиатора, без замены, для проведения работ по стенам",шт.,1356
9.057,17.77,Сантнехника - черновой этап,Установка радиатора включая протяжку трассы от коллекторного узла до 15 метров,шт.,8475
9.058,17.78,Сантнехника - черновой этап,Монтаж коллекторного узла отопления (2 гребенки) без штробления,шт.,10170
9.059,17.79,Сантнехника - черновой этап,Монтаж водяных теплых полов,м2,1017
9.06,17.8,Сантнехника - черновой этап,Монтаж коллекторного узла теплых полов (2 гребенки) без штробления,шт.,6780
9.061,17.81,Сантнехника - черновой этап,Штробление ниши под коллекторный узел отопления (бетон),шт.,3675
9.062,17.82,Сантнехника - черновой этап,Штробление ниши под коллекторный узел отопления (кирпич),шт.,3124
9.063,17.83,Сантнехника - черновой этап,Штробление ниши под коллекторный узел отопления (гипсолит),шт.,2655
9.064,17.84,Сантнехника - черновой этап,Устройство сантехнического короба,п.м.,1082
9.065,17.85,Сантнехника - черновой этап,Комплексная разводка труб водоснабжения (полипропилен) свыше 5 метров за каждый метр,п.м.,239
9.066,17.86,Сантнехника - черновой этап,Комплексная разводка труб водоснабжения (сшитый полиэтилен) свыше 5 метров за каждый метр,п.м.,316
9.067,17.87,Сантнехника - черновой этап,Комплексная разводка труб канализации (ПВХ) свыше 5 метров за каждый метр,п.м.,225
9.068,17.88,Сантнехника - черновой этап,Монтаж душевой кабины стоимостью выше 40 000 т.р (30% от стоимости изделия),шт., вручную 
9.069,17.89,Сантнехника - черновой этап,Монтаж ванной стоимостью выше 50 000т.р (25% от стоимости изделия),шт., вручную 
10.001,17.46,Сантнехника - чистовой этап,Установка с подключением унитаза,шт.,2825
10.002,17.49,Сантнехника - чистовой этап,Установка с подключением биде со смесителем,шт.,3503
10.003,17.56,Сантнехника - чистовой этап,Установка душевой штанги,шт.,565
10.004,17.57,Сантнехника - чистовой этап,Установка гигиенического душа,шт.,520
10.005,17.58,Сантнехника - чистовой этап,Установка гигиенического душа чистового,шт.,280
10.006,17.59,Сантнехника - чистовой этап,Установка полотенцесушителя,шт.,2260
10.007,17.6,Сантнехника - чистовой этап,Установка полотенцесушителя (электрического),шт.,678
10.008,17.62,Сантнехника - чистовой этап,Установка стиральной машины,шт.,1695
10.009,17.63,Сантнехника - чистовой этап,Установка сушильной машины,шт.,876
10.01,17.64,Сантнехника - чистовой этап,Установка ревизионного люка металлического накладного,шт.,565
10.011,17.65,Сантнехника - чистовой этап,Установка ревизионного люка под плитку,шт.,1130
10.012,17.66,Сантнехника - чистовой этап,"Установка скрытого люка площадью более 0,6 м2",шт.,2260
10.013,17.67,Сантнехника - чистовой этап,Изготовление ревизионного люка на магнитном креплении,шт.,1356
10.014,17.68,Сантнехника - чистовой этап,Установка накопительного водонагревателя (бойлера),шт.,1921
10.015,17.69,Сантнехника - чистовой этап,Установка проточного водонагревателя,шт.,1130
10.016,17.7,Сантнехника - чистовой этап,Установка навесного шкафа/тумбы,шт.,678
10.017,17.71,Сантнехника - чистовой этап,Установка дверцы в сантехнический шкаф,шт.,1130
10.018,17.72,Сантнехника - чистовой этап,Устройство полок в сантехнический шкаф длиной до 1 м,шт.,452
10.019,17.73,Сантнехника - чистовой этап,Устройство зеркала,шт.,678
10.02,17.74,Сантнехника - чистовой этап,Установка аксессуаров,шт.,339
10.021,17.9,Сантнехника - чистовой этап,Монтаж унитаза стоимостью выше 10000т.р (30% от стоимости изделия),шт., вручную 
10.022,17.91,Сантнехника - чистовой этап,Монтаж смесителей/термостатов/душевых штанг стоимостью свыше 20 000 т.р (30% от стоимости),шт., вручную 
10.023,17.92,Сантнехника - чистовой этап,Монтаж зеркал/навесных шкафов стоимотстью свыше 5000 т.р (30% от стоимости),шт., вручную 
10.024,17.93,Сантнехника - чистовой этап,Монтаж раковины стоимостью выше 15000т.р (30% от стоимости изделия),шт., вручную 
11.001,19.01,Вентиляция,Монтаж вентиляционного канала,п.м.,678
11.002,19.02,Вентиляция,Врезка в вентиляционный короб,шт.,452
11.003,19.03,Вентиляция,"Установка вентиляционной решетки, диффузора",шт.,169
11.004,19.04,Вентиляция,Шумо и вибро изоляция вентиляционной шахты и вент каналов,п.м.,226
11.005,19.05,Вентиляция,"Монтаж рекуператора, бризера",шт.,6000
12.001,29.01,Прочее,Установка дверного блока,шт.,5385
12.002,29.02,Прочее,Установка дверного блока двухстворчатого,шт.,6923
12.003,29.03,Прочее,"Установка двери типа ""гармошка""",шт.,5385
12.004,29.04,Прочее,"Установки двери купе под ключ (установка рельс, роллингов и фурнитуры)",шт.,6154
12.005,29.05,Прочее,Установка наличников,п.м.,431
12.006,29.06,Прочее,Распил наличника,шт.,231
12.007,29.07,Прочее,Установка доборов,п.м.,431
12.008,29.08,Прочее,Распил добора,п.м.,385
12.009,29.09,Прочее,Установка дверных петель,шт.,615
12.01,29.1,Прочее,Установка дверной ручки,шт.,769
12.011,29.11,Прочее,Врезка дверного замка,шт.,769
12.012,29.12,Прочее,Установка электромагнитного замка,шт.,3077
12.013,29.13,Прочее,Установка доводчика,шт.,1538
12.014,29.14,Прочее,Установка отбойника,шт.,462
12.015,29.15,Прочее,Установка кассеты для раздвижной двери,шт.,6154
12.016,28.01,Прочее,"Шлифовка паркета по тарифу ""СТАНДАРТ""
 1) Циклевка и шлифовка пола машинкой Hummel (Германия) 
 2) Циклевка пола в углах и по периметру 
 3) Покрытие российским лаком в 3 слоя 
 4) Межслойная шлифовка лака 
 5) Очистка пола производственными пылесосом и вынос мусора",м2,1308
12.017,28.02,Прочее,"Шлифовка паркета по тарифу ""СТАНДАРТ +""
 1) Циклевка и шлифовка пола машинкой Hummel (Германия) 
 2) Циклевка пола в углах и по периметру 
 3) Шлифовка паркета машиной Lagler Trio (Германия)
 4) Покрытие российским лаком в 3 слоя 
 5) Межслойная шлифовка лака 
 6) Очистка пола производственными пылесосом и вынос мусора",м2,1616
12.018,28.03,Прочее,"Шлифовка паркета по тарифу ""ЕВРО"" - 2 000 р./м2
 1) Циклевка пола ленточной машиной Хуммель (Германия) 
 2) Циклевка пола в углах и по периметру 
 3) Еврошлифовка паркета машиной Lagler Trio (Германия) 
 4) Покрытие итальянским лаком в 3 слоя 
 5) Межслойная шлифовка лака 
 6) Очистка пола производственными пылесосом и вынос мусора",м2,2000
12.019,28.04,Прочее,"Шлифовка паркета по тарифу ""ЕВРО +""
 1) Циклевка пола ленточной машиной Хуммель (Германия) 
 2) Циклевка пола в углах и по периметру 
 3) Еврошлифовка паркета машиной Lagler Trio (Германия) 
 4) Покрытие итальянским лаком повышенной прочности в 3 слоя 
 5) Межслойная шлифовка лака 
 6) Очистка пола производственными пылесосом и вынос мусора",м2,2308
12.02,28.05,Прочее,"Шлифовка паркета по тарифу ""2К""
 1) Циклевка пола ленточной машиной Хуммель (Германия) 
 2) Циклевка пола в углах и по периметру 
 3) Шлифовка паркета машиной Lagler Trio (Германия) 
 4) Покрытие 2-х компонентным итальянским лаком в 3 слоя 
 5) Межслойная шлифовка лака 
 6) Очистка пола производственными пылесосом и вынос мусора",м2,3154
12.021,28.06,Прочее,"Шлифовка паркета по тарифу ""ТОНИРОВКА""
1) Циклевка ленточной машинкой Lagler Hummel 
2) Шлифовка ленточной машинкой Lagler Hummel
3) Обработка периметра машинкой Lagler Flip 
4) Тонкая шлифовка машинкой Lagler Trio
5) Нанесение цветного масла Varathane - 1 слой (Америка) 
6) Покрытие 2к лаком на водной основе wermeister aquaplay - 3 слоя ( Италия) 
7) Межслойная шлифовка лака машинкой Cleanfix FloorMAC 
8) Очистка пола производственными пылесосом и вынос мусора

* используется для полов не старше 20 лет",м2,3385
12.022,28.07,Прочее,Шпатлёвка щелей в 1 слой (при необходимости),м2,250
12.023,27.01,Прочее,Стандартный монтаж(трасса до 5 метров) кондиционер * 7 или 9 модель,шт.,16923
12.024,27.02,Прочее,Стандартный монтаж(трасса до 5 метров) кондиционер * 12 модель,шт.,18462
12.025,27.03,Прочее,Стандартный монтаж(трасса до 5 метров) кондиционер * 18 модель,шт.,22308
12.026,27.04,Прочее,Монтаж трассы свыше 5м под кондиционер * 7 или 9 модель (1\4-3\8),п.м.,1846
12.027,27.05,Прочее,Монтаж трассы свыше 5м под кондиционер * 12 модель (1\4-1\2),п.м.,2308
12.028,27.06,Прочее,Монтаж в два этапа: 1 этап. Закладка фреоновой магистрали (до 5 метров) 07-09,шт.,13846
12.029,27.07,Прочее,Монтаж в два этапа: 1 этап. Закладка фреоновой магистрали (до 5 метров) 12,шт.,15385
12.03,27.08,Прочее,Монтаж в два этапа: 2 этап. Монтаж наружного и внутреннего блока,шт.,6154
12.031,27.09,Прочее,Демонтаж кондиционера,шт.,4615
12.032,27.1,Прочее,Штроба под трассу (кирпич),п.м.,2154
12.033,27.11,Прочее,Штроба под трассу (бетон),п.м.,3077
12.034,27.12,Прочее,Штроба под дренаж,п.м.,615
12.035,27.13,Прочее,Доп. Отверстие,шт.,1538
12.036,27.14,Прочее,Пайка труб (пара),шт.,769
12.037,27.15,Прочее,"Обслуживание, профилактика (чистка наружного и внутреннего блока, чистка дренажной системы, дозаправка)",шт.,5385
12.038,27.16,Прочее,Монтаж наружного блока на вентилируемый фасад,шт.,7692
12.039,27.17,Прочее,Монтаж внешнего блока на шпильку и траверсу,шт.,5385
12.04,27.18,Прочее,Прокладка фреоновой магистрали по потолку выше 4 метров,п.м.,1538
12.041,27.19,Прочее,Установка помпы (помпа опалчивается отдельно),шт.,3846
12.042,27.2,Прочее,"Прокладка дренажного шланга (гибкий, гофрированный)",п.м.,462
12.043,27.21,Прочее,Прокладка высоконапорного шланга под помпу,п.м.,308
12.044,27.22,Прочее,Полная заправка фреоном,шт.,3077
12.045,26.01,Прочее,Разгрузка материала (с лифтом) мин. Выезд 5384,т.,5384
12.046,26.02,Прочее,Разгрузка материала (без лифта за этаж),т.,5384
12.047,25.01,Прочее,"Вывоз мусора газель 8 м3 до 1,5 тонн (до 1,5 часов, на погрузку)",шт.,8462
12.048,25.02,Прочее,"Вывоз мусора газель 8 м3 до 1,5 тонн с грузчиками (до 1,5 часов, на погрузку)",шт.,12308
12.049,25.03,Прочее,"Вывоз мусора газель 12 м3 до 2 тонн (до 1,5 часов, на погрузку)",шт.,13846
12.05,25.04,Прочее,"Вывоз мусора газель 12 м3 до 2 тонн с грузчиками (до 1,5 часов, на погрузку)",шт.,18462
12.051,25.05,Прочее,"Вывоз мусора контейнером объемом 8 м3 (2-3 часа, на погрузку)",шт.,13850
12.052,25.06,Прочее,"Вывоз мусора контейнером объемом 8 м3(2-3 часа, на погрузку) с грузчиками",шт.,20770
12.053,25.07,Прочее,Вывоз мусора контейнером объемом 8 м3 (аренда на сутки),шт.,16154
12.054,25.08,Прочее,"Вывоз мусора контейнером объемом 20 м3 (2-3 часа, на погрузку)",шт.,35385
12.055,25.09,Прочее,"Вывоз мусора контейнером объемом 20 м3(2-3 часа, на погрузку) с грузчиками",шт.,55385
12.056,25.1,Прочее,Вывоз мусора контейнером объемом 20 м3 (аренда на сутки),шт.,37692
12.057,25.11,Прочее,"Вывоз мусора контейнером объемом 27 м3 (2-3 часа, на погрузку)",шт.,41538
12.058,25.12,Прочее,"Вывоз мусора контейнером объемом 27 м3(2-3 часа, на погрузку) с грузчиками",шт.,66154
12.059,25.13,Прочее,Вывоз мусора контейнером объемом 27 м3 (аренда на сутки),шт.,43846
12.06,24.01,Прочее,"Переваривание стояка ХВС/ГВС/выводов полотенцесушителя с врезками под краны (вместе со стоимостью труб, без кранов) с материалом",шт.,15385
12.061,24.01.1,Прочее,"Переваривание стояка ХВС/ГВС/выводов полотенцесушителя с врезками под краны (вместе со стоимостью труб, без кранов) без материала",шт.,12308
12.062,24.02,Прочее,"Перенос стояка, цена за шт. (вместе со стоимостью труб, без кранов) хвс без материала",шт.,10769
12.063,24.02.1,Прочее,"Перенос стояка, цена за шт. (вместе со стоимостью труб, без кранов) гвс - полотенчик без материала",шт.,15385
12.064,24.03,Прочее,"Переварка батарей с монтажом байпаса (вместе со стоимостью труб, без кранов) без материала",шт.,10000
12.065,24.03.1,Прочее,"Переварка батарей с монтажом байпаса (без труб, без кранов) без материала",шт.,7692
12.066,24.04,Прочее,"Переварка батарей без монтажа байпаса (вместе со стоимостью труб, без кранов) без материала",шт.,9231
12.067,24.04.1,Прочее,"Переварка батарей без монтажа байпаса (без труб, без кранов) без материала",шт.,6923
12.068,24.05,Прочее,Врезка без переноса и переварки стояка под краны,шт.,5385
12.069,24.06,Прочее,Заглушить(заварить) обрезанную трубу,шт.,4615
12.07,23.71,Прочее,Монтаж закладной для пожарной сигнализации + установка датчика,шт.,1000
12.071,23.72,Прочее,Монтаж закладной под вентилятор + установка вентилятора,шт.,1200
12.072,23.73,Прочее,Обвод труб,шт.,600
12.073,23.74,Прочее,Отверстие под вытяжку,шт.,500
12.074,23.75,Прочее,Установка вентиляционной решётки в полотно,шт.,750
12.075,23.76,Прочее,"Заправка полотна в труднодоступном месте (ниша, высокий шкаф)",п.м.,750
12.076,23.77,Прочее,Сверление керамической плитки ,п.м.,500
12.077,23.78,Прочее,Сверление стен по керамограниту,п.м.,700
12.078,23.79,Прочее,Установка вентиляционной решётки в потолок,шт.,450
12.079,23.8,Прочее,Установка магнитной вентиляционной решетки,шт.,2700
12.08,23.81,Прочее,Установка закладных на шумоизоляцию (за точку кркпления),шт.,150
12.081,23.82,Прочее,Монтаж натяжного потолка при высоте от 3 до 4 метров (15%),%, вручную 
12.082,23.83,Прочее,Монтаж натяжного потолка при высоте от 4 до 6 метров (40%),%, вручную 
12.083,23.84,Прочее,Монтаж натяжного потолка при высоте более 6 метров (70%),%, вручную 
12.084,23.85,Прочее,Демонтаж и старого профиля,п.м.,100
12.085,23.86,Прочее,Демонтаж поврежденного полотна,м2,75
12.086,23.87,Прочее,Укрытие стен пленкой,п.м.,100
12.087,23.88,Прочее,Дополнительный выезд на монтаж по вине заказчика,шт.,5000
12.088,23.89,Прочее,Минимальная стоимость заказа,шт.,15000
12.089,23.14,Прочее,Крепление стенового багета для ПВХ потолков,п.м.,180
12.09,23.15,Прочее,Крепление стенового багета для тканевых потолков (прищепка),п.м.,180
12.091,23.16,Прочее,Крепление Брус+потолочный профиль,п.м.,1000
12.092,23.17,Прочее,Обход криволинейного участка стены,п.м.,750
12.093,23.18,Прочее,Обход дополнительных углов (начиная с 5-го),шт.,250
12.094,23.19,Прочее,Установка ленты-плинтуса (белая),п.м.,100
12.095,23.2,Прочее,Установка ленты-плинтуса (цветная),п.м.,200
12.096,23.21,Прочее,Монтаж разделительного профиля,п.м.,1200
12.097,23.22,Прочее,Бесщелевой профиль KRAAB 4.0,п.м.,1500
12.098,23.23,Прочее,Обработка внутреннего угла KRAAB 4.0,шт.,930
12.099,23.24,Прочее,Обработка внешнего угла KRAAB 4.0,шт.,2470
12.1,23.25,Прочее,Теневой профиль Euro KRAAB,п.м.,1300
12.101,23.26,Прочее,Обработка внутреннего угла Euro KRAAB,шт.,620
12.102,23.27,Прочее,Обработка внешнего угла Euro KRAAB,шт.,1240
12.103,23.28,Прочее,Крепление профиля Euro-Slott для тканевых потолков,п.м.,1700
12.104,23.29,Прочее,Обработка внутреннего угла Euro-Slott,шт.,470
12.105,23.3,Прочее,Обработка внешнего угла Euro-Slott,шт.,1235
12.106,23.31,Прочее,Переход уровня прямой,п.м.,2500
12.107,23.32,Прочее,Переход уровня криволинейный,п.м.,3000
12.108,23.33,Прочее,Переход уровня прямой с подсветкой,п.м.,2700
12.109,23.34,Прочее,Переход уровня криволинейный с подсветкой,п.м.,3200
12.11,23.35,Прочее,Крепление профиля для парящих/контурных потолков,п.м.,1500
12.111,23.36,Прочее,Угол парящего / контурного потолка,п.м.,750
12.112,23.37,Прочее,Парящий профиль для тканевых потолков,п.м.,1800
12.113,23.38,Прочее,Ниша под скрытый карниз с перегибом полотна,п.м.,2200
12.114,23.39,Прочее,Угол ниши с перегибом полотна,шт.,2200
12.115,23.4,Прочее,Ниша под скрытый карниз с профилем Sigma,п.м.,2700
12.116,23.41,Прочее,Угол ниши с профилем Sigma ,шт.,1800
12.117,23.42,Прочее,Ниша под скрытый карниз без перегиба полотна,п.м.,1500
12.118,23.43,Прочее,"Монтаж закладной под карниз (брус, ширина 4 см)",п.м.,700
12.119,23.44,Прочее,"Монтаж закладной под карниз (брус, ширина 8 см)",п.м.,1100
12.12,23.45,Прочее,"Монтаж потолочного карниза до 3,5 м",шт.,1600
12.121,23.46,Прочее,Монтаж профиля Slott 40,п.м.,2700
12.122,23.47,Прочее,Монтаж профиля Slott 80,п.м.,3700
12.123,23.48,Прочее,Угол профиля Slott 40/80 ,шт.,2200
12.124,23.49,Прочее,Скрытая гардина М6  (для тканевых потолков) ,п.м.,4200
12.125,23.5,Прочее,Гардина ПК-5,п.м.,3500
12.126,23.51,Прочее,Угол гардины ПК-5,шт.,1800
12.127,22.01,Прочее,Монтаж сайдинга без утепления,м2,2650
12.128,22.02,Прочее,Утепление под монтаж сайдинга,м2,480
12.129,21.01,Прочее,Установка каменной столешницы 30% от стоимости,п.м., вручную 
12.13,21.02,Прочее,Производство нестандартных работ,чел/час,1120
12.131,21.03,Прочее,Монтаж антресоли (1 м2 ),м2,2200
12.132,21.04,Прочее,Нашивка ГКЛ антресоли,м2,300
12.133,21.05,Прочее,Разборка/сборка мебели**,чел/час,1120
12.134,21.06,Прочее,Сборка мебели 15% от стоимости,шт., вручную 
12.135,21.07,Прочее,Вынос или занос мебели,чел/час,1120
12.136,21.08,Прочее,Помощь в приобретении материалов (прораб),выезд,5650
12.137,21.09,Прочее,Консультирование Заказчика по телефону,чел/час,800
12.138,21.1,Прочее,Согласование и контроль работ УК,услуга,5600
12.139,21.11,Прочее,Укрытие полиэтиленовой пленкой,м2,64
12.14,21.12,Прочее,Временная застилка полов оргалитом для защиты во время ремонта,м2,72
12.141,21.13,Прочее,Перестановка мебели для проведения ремонта,чел/час,1120
12.142,21.14,Прочее,Очистка пола производственным пылесосом,м2,64
12.143,21.15,Прочее,Уборка лестничной клетки (сухая уборка),шт.,1000
12.144,21.16,Прочее,Уборка квартир после ремонта (минимальная площадь 50 м2),м2,360
12.145,21.17,Прочее,Уборка офисов после ремонта (минимальная площадь 50 м2),м2,420
12.146,21.18,Прочее,Уборка складских помещений после ремонта (минимальная площадь 50 м2),м2,480
12.147,20.01,Прочее,Установка рольставней,м2,2486
12.148,20.02,Прочее,Установка карнизов,п.м.,180
12.149,20.03,Прочее,Установка экрана для радиатора из МДФ,шт.,668
12.15,16.01,Прочее,Покраска стен/обоев (в два слоя),м2,224
12.151,16.02,Прочее,Покраска стен/обоев (за слой),м2,112
12.152,16.03,Прочее,Окраска стен 2-3 цвета,м2,453
12.153,16.04,Прочее,Покраска потолка (в два слоя),м2,278
12.154,16.05,Прочее,Покраска потолка (за слой),м2,139
12.155,16.06,Прочее,Покраска пола (в два слоя),м2,200
12.156,16.07,Прочее,Покраска откосов (в два слоя),п.м.,155
12.157,16.08,Прочее,Покраска откосов (за слой),п.м.,78
12.158,16.09,Прочее,Покраска 3D-панелей,м2,432
12.159,16.1,Прочее,Покраска окна/двери без удаления старой краски,п.м.,238
12.16,16.11,Прочее,Покраска окна/двери с удалением старой краски,п.м.,366
12.161,16.12,Прочее,Грунтовка труб,п.м.,28
12.162,16.13,Прочее,"Покраска труб отопления, газовых труб Ø до 50 мм (за слой)",п.м.,57
12.163,16.14,Прочее,"Покраска труб отопления, газовых труб Ø свыше 50 мм (за слой)",п.м.,85
12.164,16.15,Прочее,Покраска радиатора отопления до 5 секций,шт.,544
12.165,16.16,Прочее,Покраска радиатора отопления каждая последующая секция,шт.,110
12.166,16.17,Прочее,Покраска подоконников,п.м.,226
12.167,16.18,Прочее,Покраска потолочного/напольного плинтуса,п.м.,111
12.168,16.19,Прочее,"Покрытие деревянных поверхностей лаком или тонирующим составом в 1
слой",м2,132
12.169,16.2,Прочее,Покраска наличников*,п.м.,113
13.001,15.01,Потолок - чистовой этап,Установка потолочного плинтуса,п.м.,169
13.002,15.02,Потолок - чистовой этап,Установка плинтуса потолочного (полиуретан)/ молдинг,п.м.,283
13.003,15.03,Потолок - чистовой этап,"Установка плинтуса потолочного (полиуретан, с подбором рисунка)",п.м.,554
13.004,15.04,Потолок - чистовой этап,Оклейка потолка обоями,м2,283
13.005,15.05,Потолок - чистовой этап,Оклейка потолка обоями с подбором,м2,339
13.006,15.06,Потолок - чистовой этап,Монтаж реечных потолков (до 10 кв.м),м2,904
13.007,15.07,Потолок - чистовой этап,Монтаж реечных потолков (свыше 10 кв.м),м2,791
13.008,15.08,Потолок - чистовой этап,"Обшивка потолков вагонкой, панелями (ПВХ,МДФ)",м2,848
13.009,15.09,Потолок - чистовой этап,Облицовка потолка пенопластовой плиткой,м2,192
13.01,15.1,Потолок - чистовой этап,Монтаж подвесных потолков типа «Armstrong»,м2,489
13.011,15.11,Потолок - чистовой этап,Монтаж подвесных потолков типа «Armstrong» сложных конструкций,м2,565
13.012,15.12,Потолок - чистовой этап,"Монтаж потолков типа ""Грильято""",м2,760
13.013,15.13,Потолок - чистовой этап,Монтаж зеркального потолка,м2,904
13.014,15.14,Потолок - чистовой этап,Монтаж ПВХ лепнины под люстру,шт.,169
13.015,15.15,Потолок - чистовой этап,Монтаж потолочно-стенового карниза,п.м.,170
13.016,15.16,Потолок - чистовой этап,Установка ревизионного люка в потолке,шт.,840
13.017,23.01,Потолок - чистовой этап,"Установка натяжных потолков из ПВХ MSD Classic, Китай (мат, глянец, сатин) белый",м2,650
13.018,23.02,Потолок - чистовой этап,"Установка натяжных потолков из ПВХ MSD Premium, Китай (мат, глянец, сатин) белый",м2,750
13.019,23.03,Потолок - чистовой этап,"Установка натяжных потолков из ПВХ MSD Premium, Китай (мат, глянец, сатин) цветной",м2,850
13.02,23.04,Потолок - чистовой этап,"Установка натяжных потолков из ПВХ MSD Evolution, Китай (мат, глянец, сатин) белый",м2,850
13.021,23.05,Потолок - чистовой этап,"Установка фактурных натяжных потолков из ПВХ MSD, Китай, белый/цветной",м2,950
13.022,23.06,Потолок - чистовой этап,"Установка натяжных потолков из ПВХ TEQTUM (KM2) Folien, Германия (матовый) белый",м2,2100
13.023,23.07,Потолок - чистовой этап,"Установка натяжных потолков из ПВХ LumFer, Германия (мат, глянец, сатин) белый",м2,2100
13.024,23.08,Потолок - чистовой этап,"Установка тканевых потолков D-Premium (Pongs, Германия) белый",м2,2300
13.025,23.09,Потолок - чистовой этап,"Установка тканевых потолков Clipso (Pongs, Германия) белый",м2,4500
13.026,23.1,Потолок - чистовой этап,"Фотопечать экосольвентная односторонняя на потолках (ширина до 3,2 м)",м2,1250
13.027,23.11,Потолок - чистовой этап,"Фотопечать экосольвентная DUBLE VISION на потолках (ширина до 3,2 м)",м2,2100
13.028,23.12,Потолок - чистовой этап,Фотопечать УФ односторонняя на потолках (ширина до 5 м),м2,2100
13.029,23.13,Потолок - чистовой этап,Фотопечать УФ DUBLE VISION на потолках (ширина до 5 м),м2,3200
14.001,01.01,Демонтажные работы - Пол,"Снятие керамической плитки, керамогранита (без сохранения)",м2,136
14.002,01.02,Демонтажные работы - Пол,"Снятие мелкой керамической плитки, керамогранита 50х50 мм (без сохранения)",м2,325
14.003,01.03,Демонтажные работы - Пол,Отбивка плиточного клея,м2,128
14.004,01.04,Демонтажные работы - Пол,Демонтаж мраморных плит,м2,454
14.005,01.05,Демонтажные работы - Пол,Демонтаж напольных гранитных плит (без сохранения),м2,520
14.006,01.06,Демонтажные работы - Пол,Демонтаж плинтуса из плитки,п.м.,92
14.007,01.07,Демонтажные работы - Пол,Демонтаж порога из плитки,п.м.,325
14.008,01.08,Демонтажные работы - Пол,Расшивка плиточных швов по полу,м2,260
14.009,01.09,Демонтажные работы - Пол,Расшивка плиточных швов с эпоксидной затиркой по полу,м2,342
14.01,01.10,Демонтажные работы - Пол,"Демонтаж плинтуса ПВХ, деревянного",п.м.,72
14.011,01.11,Демонтажные работы - Пол,Демонтаж плинтусов с сохранением,п.м.,94
14.012,01.12,Демонтажные работы - Пол,"Демонтаж ламината, паркетной доски",м2,91
14.013,01.13,Демонтажные работы - Пол,"Демонтаж паркета штучного на клею, мастике",м2,117
14.014,01.14,Демонтажные работы - Пол,Демонтаж паркета щитового с лагами,м2,156
14.015,01.15,Демонтажные работы - Пол,"Демонтаж линолеума, ковролина",м2,51
14.016,01.16,Демонтажные работы - Пол,Демонтаж трудноотделимого линолиума на клею,м2,280
14.017,01.17,Демонтажные работы - Пол,"Демонтаж фанеры, ДВП 1 слой",м2,78
14.018,01.18,Демонтажные работы - Пол,Демонтаж подложки из ДВП обмазанной битумной мастикой*,м2,172
14.019,01.19,Демонтажные работы - Пол,"Расчистка пола от засыпки и шумоизоляции, до 50 мм",м2,193
14.02,01.20,Демонтажные работы - Пол,Удаление покрытия из битумной мастики*,м2,182
14.021,01.21,Демонтажные работы - Пол,"Демонтаж гудронового, клеевого покрытия",м2,417
14.022,01.22,Демонтажные работы - Пол,Демонтаж деревянных дощатых полов,м2,150
14.023,01.23,Демонтажные работы - Пол,Демонтаж лаг,м2,92
14.024,01.24,Демонтажные работы - Пол,Расшивка меж-плиточных и других швов по полу,п.м.,196
14.025,01.25,Демонтажные работы - Пол,"Удаление слоев до 50 мм из керамзита, песка",м2,98
14.026,01.26,Демонтажные работы - Пол,"Удаление слоев до 100 мм из керамзита, песка",м2,162
14.027,01.27,Демонтажные работы - Пол,Демонтаж бетонных армированных полов толщ. до 50 мм,м2,325
14.028,01.28,Демонтажные работы - Пол,Демонтаж бетонных армированных полов толщ. до 100 мм,м2,676
14.029,01.29,Демонтажные работы - Пол,Демонтаж бетонного порога,п.м.,454
14.03,01.30,Демонтажные работы - Пол,Демонтаж стяжки цементно песчанной арм. толщ. до 50 мм,м2,208
14.031,01.31,Демонтажные работы - Пол,Демонтаж стяжки цементно песчанной арм. толщ. до 100 мм,м2,338
15.001,02.01,Демонтажные работы - Стены,Отбивка плиточного клея,м2,130
15.002,02.02,Демонтажные работы - Стены,Расшивка плиточных швов,м2,260
15.003,02.03,Демонтажные работы - Стены,Расшивка плиточных швов с эпоксидной затиркой,м2,342
15.004,02.04,Демонтажные работы - Стены,Снятие керамической плитки на стенах (без сохранения),м2,170
15.005,02.05,Демонтажные работы - Стены,Демонтаж декоративных порожков,шт.,106
15.006,02.06,Демонтажные работы - Стены,Снятие обоев со стен,м2,66
15.007,02.07,Демонтажные работы - Стены,"Снятие многослойных, трудноотделимых обоев",м2,116
15.008,02.08,Демонтажные работы - Стены,Снятие обоев с откосов,п.м.,66
15.009,02.09,Демонтажные работы - Стены,"Очистка стен от ""жидких"" обоев",м2,194
15.01,02.10,Демонтажные работы - Стены,Снятие побелки со стен,м2,130
15.011,02.11,Демонтажные работы - Стены,Снятие шпатлевки со стен,м2,162
15.012,02.12,Демонтажные работы - Стены,Снятие шпатлевки с откосов,п.м.,162
15.013,02.13,Демонтажные работы - Стены,Очистка стен от ВЭ краски,м2,117
15.014,02.14,Демонтажные работы - Стены,"Очистка стен от масляной краски, трудноудалимая (механизированным способом)",м2,584
15.015,02.15,Демонтажные работы - Стены,Очистка стен от масляной краски,м2,280
15.016,02.16,Демонтажные работы - Стены,Очистка откосов от масляной краски,п.м.,280
15.017,02.17,Демонтажные работы - Стены,Очистка откосов от ВЭ краски,п.м.,78
15.018,02.18,Демонтажные работы - Стены,Очистка швов между кирпичами (лофт),м2,550
15.019,02.19,Демонтажные работы - Стены,Ошкуривание поверхности стен,м2,117
15.02,02.20,Демонтажные работы - Стены,Ресшивка трещин/рустов,м2,174
15.021,02.21,Демонтажные работы - Стены,Нанесение насечек на стены,м2,130
15.022,02.22,Демонтажные работы - Стены,"Демонтаж панелей ПВХ, вагонки (без каркаса) стены, потолок",м2,86
15.023,02.23,Демонтажные работы - Стены,"Демонтаж панелей ПВХ, вагонки (с каркасом) стены, потолок",м2,136
15.024,02.24,Демонтажные работы - Стены,"Демонтаж панелей ПВХ, вагонки (на клею) стены, потолок",м2,78
15.025,02.25,Демонтажные работы - Стены,Демонтаж пластикового/перфорированного уголка,п.м.,66
15.026,02.26,Демонтажные работы - Стены,Отбивка штукатурки толщ. до 30 мм со стен,м2,130
15.027,02.27,Демонтажные работы - Стены,Отбивка штукатурки толщ. до 60 мм со стен,м2,194
15.028,02.28,Демонтажные работы - Стены,Отбивка штукатурки толщ. свыше 60 мм со стен*,м2,260
15.029,02.29,Демонтажные работы - Стены,Отбивка штукатурки с откосов,п.м.,130
15.03,02.30,Демонтажные работы - Стены,Демонтаж маяков,п.м.,64
15.031,02.31,Демонтажные работы - Стены,Демонтаж стен (перегородок) в 1/2 кирпича,м2,454
15.032,02.32,Демонтажные работы - Стены,Резка стен (перегородок) в 1/2 кирпича,п.м.,584
15.033,02.33,Демонтажные работы - Стены,Устройство проема в стенах (перегородках) в 1/2 кирпича,м2,845
15.034,02.34,Демонтажные работы - Стены,Демонтаж стен (перегородок) в 1 кирпич,м2,584
15.035,02.35,Демонтажные работы - Стены,Резка стен (перегородок) в 1 кирпич,п.м.,1300
15.036,02.36,Демонтажные работы - Стены,Устройство проема в стенах (перегородках) в 1 кирпич,м2,1559
15.037,02.37,Демонтажные работы - Стены,"Демонтаж стен (перегородок) в 1,5 кирпича",м2,845
15.038,02.38,Демонтажные работы - Стены,"Резка стен (перегородок) в 1,5 кирпича",п.м.,1559
15.039,02.39,Демонтажные работы - Стены,"Устройство проема в стенах (перегородках) в 1,5 кирпича",м2,1949
15.04,02.40,Демонтажные работы - Стены,Демонтаж стен (перегородок) в 2 кирпича,м2,1040
15.041,02.41,Демонтажные работы - Стены,Резка стен (перегородок) в 2 кирпича,п.м.,2079
15.042,02.42,Демонтажные работы - Стены,Устройство проема в стенах (перегородках) в 2 кирпича,м2,2209
15.043,02.43,Демонтажные работы - Стены,"Демонтаж стен (перегородок) из бетона, ж/б до 100 мм",м2,1820
15.044,02.44,Демонтажные работы - Стены,"Резка стен (перегородок) из бетона, ж/б до 100 мм",п.м.,1689
15.045,02.45,Демонтажные работы - Стены,"Устройство проема в стенах (перегородках) из бетона, ж/б до 100 мм",м2,3509
15.046,02.46,Демонтажные работы - Стены,"Демонтаж стен (перегородок) из бетона, ж/б до 200 мм",м2,2989
15.047,02.47,Демонтажные работы - Стены,"Резка стен (перегородок) из бетона, ж/б до 200 мм",п.м.,3053
15.048,02.48,Демонтажные работы - Стены,"Устройство проема в бетоне, ж/б толщ. до 200 мм",м2,4808
15.049,02.49,Демонтажные работы - Стены,"Демонтаж стен (перегородок) из пеноблока, стеклоблока, ПГП",м2,325
15.05,02.50,Демонтажные работы - Стены,"Демонтаж стен (перегородок) из ацеита, гипсолита, ГКЛ",м2,260
15.051,02.51,Демонтажные работы - Стены,"Демонтаж стен (перегородок) из дерева, ДСП толщ. до 100 мм",м2,233
15.052,02.52,Демонтажные работы - Стены,Демонтаж обшивки стен из ГКЛ на металлокаркасе,м2,245
15.053,02.53,Демонтажные работы - Стены,"Демонтаж ""дранки"" со стен",м2,193
15.054,02.54,Демонтажные работы - Стены,Демонтаж утеплителя,м2,193
15.055,02.55,Демонтажные работы - Стены,"Демонтаж подоконной части стены из ПГП, пенобетона",м2,975
15.056,02.56,Демонтажные работы - Стены,Демонтаж подоконной части стены из кирпича,м2,1949
15.057,02.57,Демонтажные работы - Стены,"Демонтаж подоконной части стены из бетона, ж/б",м2,6238
16.001,03.01,Демонтажные работы - Потолок,Демонтаж потолочного плинтуса,п.м.,58
16.002,03.02,Демонтажные работы - Потолок,Демонтаж лепнины без сохранения,п.м.,162
16.003,03.03,Демонтажные работы - Потолок,Демонтаж кассетного подвесного потолка,м2,128
16.004,03.04,Демонтажные работы - Потолок,Демонтаж натяжного потолка (включая профиль),м2,86
16.005,03.05,Демонтажные работы - Потолок,Демонтаж реечного потолка,м2,156
16.006,03.06,Демонтажные работы - Потолок,Демонтаж потолка «Армстронг» (без сохранения),м2,117
16.007,03.07,Демонтажные работы - Потолок,"Демонтаж подвесных потолков ГКЛ, ДВП, ДСП (без каркаса)",м2,134
16.008,03.08,Демонтажные работы - Потолок,"Демонтаж подвесных потолков ГКЛ, ДВП, ДСП (с каркасом)",м2,182
16.009,03.09,Демонтажные работы - Потолок,Демонтаж металлического каркаса (ГКЛ),м2,48
16.01,03.10,Демонтажные работы - Потолок,"Демонтаж клеевых потолков (пенопласт, пенополистирол, и т.д.)",м2,117
16.011,03.11,Демонтажные работы - Потолок,Снятие обоев*,м2,82
16.012,03.12,Демонтажные работы - Потолок,"Снятие многослойных, трудноотделимых обоев",м2,128
16.013,03.13,Демонтажные работы - Потолок,Очистка потолка от шпатлевки,м2,179
16.014,03.14,Демонтажные работы - Потолок,"Очистка потолка от ""жидких"" обоев",м2,221
16.015,03.15,Демонтажные работы - Потолок,Снятие побелки,м2,130
16.016,03.16,Демонтажные работы - Потолок,Очистка ВЭ краски,м2,117
16.017,03.17,Демонтажные работы - Потолок,Очистка от масляной краски*,м2,312
16.018,03.18,Демонтажные работы - Потолок,Ошкуривание поверхности,м2,117
16.019,03.19,Демонтажные работы - Потолок,Нанесение насечек на потолок,м2,156
16.02,03.20,Демонтажные работы - Потолок,Сверление отверстия в реечном потолке,шт.,130
16.021,03.21,Демонтажные работы - Потолок,Отбивка штукатурки толщ. до 30 мм,м2,170
16.022,03.22,Демонтажные работы - Потолок,Отбивка штукатурки толщ. до 60 мм,м2,286
16.023,03.23,Демонтажные работы - Потолок,Расшивка трещин рустов,п.м.,194
16.024,03.24,Демонтажные работы - Потолок,Снятие полистирольных плиток,п.м.,148
16.025,03.25,Демонтажные работы - Потолок,Расшивка меж-плиточных и других швов,п.м.,196
16.026,03.26,Демонтажные работы - Потолок,Демонтаж маяков на потолке,п.м.,93
17.001,04.01,"Демонтажные работы - Двери, окна",Демонтаж наличников,п.м.,26
17.002,04.02,"Демонтажные работы - Двери, окна",Демонтаж деревянной двери*(без сохранения),шт.,130
17.003,04.03,"Демонтажные работы - Двери, окна",Демонтаж деревянной межкомнатной двери с сохранением,шт.,974
17.004,04.04,"Демонтажные работы - Двери, окна",Снятие деревянной двери с петель,шт.,245
17.005,04.05,"Демонтажные работы - Двери, окна",Демонтаж дверной ручки/замка,шт.,174
17.006,04.06,"Демонтажные работы - Двери, окна",Демонтаж деревянной дверной коробки,шт.,260
17.007,04.07,"Демонтажные работы - Двери, окна",Демонтаж откосов из сендвич/ПВХ панелей,п.м.,115
17.008,04.08,"Демонтажные работы - Двери, окна","Демонтаж арки дверного проема (ГКЛ, дерево)",шт.,664
17.009,04.09,"Демонтажные работы - Двери, окна",Очистка наличников и дверной коробки от краски*,п.м.,78
17.01,04.10,"Демонтажные работы - Двери, окна",Очистка дверного полотна от краски*,м2,534
17.011,04.11,"Демонтажные работы - Двери, окна",Демонтаж оконного блока,м2,562
17.012,04.12,"Демонтажные работы - Двери, окна",Демонтаж окна,шт.,450
17.013,04.13,"Демонтажные работы - Двери, окна",Демонтаж арочных проемов,м2,260
17.014,04.14,"Демонтажные работы - Двери, окна",Демонтаж подоконников из дерева и ПВХ (без сохранения),п.м.,233
17.015,04.15,"Демонтажные работы - Двери, окна",Демонтаж бетонных подоконников,п.м.,325
17.016,04.16,"Демонтажные работы - Двери, окна","Очистка масляной краски с окна (не реставрация), легкая очистка",п.м.,520
17.017,04.17,"Демонтажные работы - Двери, окна",Демонтаж добора,п.м.,26
18.001,05.01,Демонтажные работы - Электрика,Демонтаж розеток и выключателей (без механизмов),шт.,37
18.002,05.02,Демонтажные работы - Электрика,Демонтаж механизмов розеток/выключателей,шт.,67
18.003,05.03,Демонтажные работы - Электрика,Демонтаж светильников точечных,шт.,130
18.004,05.04,Демонтажные работы - Электрика,"Демонтаж люстры, бра",шт.,260
18.005,05.05,Демонтажные работы - Электрика,Демонтаж электрощита,шт.,780
18.006,05.06,Демонтажные работы - Электрика,Демонтаж электрокабеля,п.м.,26
18.007,05.07,Демонтажные работы - Электрика,Демонтаж электроплиты,шт.,845
18.008,05.08,Демонтажные работы - Электрика,Демонтаж электрополотенцесушителя,шт.,390
18.009,05.09,Демонтажные работы - Электрика,Демонтаж автоматических выключателей,шт.,178
19.001,06.01,Демонтажные работы - Сантехника,Демонтаж смесителя (без сохранения),шт.,130
19.002,06.02,Демонтажные работы - Сантехника,Демонтаж смесителя (с сохранением)*,шт.,325
19.003,06.03,Демонтажные работы - Сантехника,Демонтаж сантехнического шкафа (без сохранения),м2,338
19.004,06.04,Демонтажные работы - Сантехника,Демонтаж сантехнического шкафа (с сохранением)*,м2,845
19.005,06.05,Демонтажные работы - Сантехника,Демонтаж душевой кабины (без сохранения),шт.,780
19.006,06.06,Демонтажные работы - Сантехника,Демонтаж душевой кабины (с сохранением)*,шт.,1949
19.007,06.07,Демонтажные работы - Сантехника,Демонтаж кабины раздельного санузла (из ацеита),шт.,7475
19.008,06.08,Демонтажные работы - Сантехника,Демонтаж кабины совмещенного санузла (из ацеита),шт.,5750
19.009,06.09,Демонтажные работы - Сантехника,Демонтаж бетонного пола сантех кабины,м2,1081
19.01,06.10,Демонтажные работы - Сантехника,"Демонтаж бетонного пола сантех кабины (усиленный, заармированный)",м2,3360
19.011,06.11,Демонтажные работы - Сантехника,Демонтаж ванны (без сохранения),шт.,780
19.012,06.12,Демонтажные работы - Сантехника,Демонтаж ванны (с сохранением)*,шт.,1949
19.013,06.13,Демонтажные работы - Сантехника,Демонтаж гидромассажной ванны (без сохранения),шт.,1559
19.014,06.14,Демонтажные работы - Сантехника,Демонтаж гидромассажной ванны (с сохранением)*,шт.,3899
19.015,06.15,Демонтажные работы - Сантехника,Демонтаж водонагревателя (без сохранения),шт.,650
19.016,06.16,Демонтажные работы - Сантехника,Демонтаж водонагревателя (с сохранением)*,шт.,1300
19.017,06.17,Демонтажные работы - Сантехника,Демонтаж раковины (без сохранения),шт.,390
19.018,06.18,Демонтажные работы - Сантехника,Демонтаж раковины (с сохранением)*,шт.,780
19.019,06.19,Демонтажные работы - Сантехника,Демонтаж кухонной мойки (без сохранения),шт.,520
19.02,06.20,Демонтажные работы - Сантехника,Демонтаж кухонной мойки (с сохранением)*,шт.,1040
19.021,06.21,Демонтажные работы - Сантехника,Демонтаж унитаза (без сохранения),шт.,650
19.022,06.22,Демонтажные работы - Сантехника,Демонтаж унитаза (с сохранением)*,шт.,1300
19.023,06.23,Демонтажные работы - Сантехника,Демонтаж инсталляции (без сохранения),шт.,650
19.024,06.24,Демонтажные работы - Сантехника,Демонтаж инсталляции (с сохранением)*,шт.,1625
19.025,06.25,Демонтажные работы - Сантехника,Демонтаж стиральной машины,шт.,650
19.026,06.26,Демонтажные работы - Сантехника,Демонтаж полотенцесушителя (без сохранения),шт.,520
19.027,06.27,Демонтажные работы - Сантехника,Демонтаж полотенцесушителя (с сохранением)*,шт.,1040
19.028,06.28,Демонтажные работы - Сантехника,Демонтаж радиатора отопления (без сохранения),шт.,520
19.029,06.29,Демонтажные работы - Сантехника,Демонтаж радиатора отопления (с сохранением)*,шт.,1300
19.03,06.30,Демонтажные работы - Сантехника,"Демонтаж кранов вводных, счетчиков,фильтра грубой очистки, редуктора давления, обратного клапана (без сохранения)",шт.,130
19.031,06.31,Демонтажные работы - Сантехника,"Демонтаж кранов вводных, счетчиков, фильтра грубой очистки, редуктора давления, обратного клапана (с сохранением)*",шт.,325
19.032,06.32,Демонтажные работы - Сантехника,Демонтаж кранов шаровых (без сохранения),шт.,86
19.033,06.33,Демонтажные работы - Сантехника,Демонтаж кранов шаровых (с сохранением)*,шт.,260
19.034,06.34,Демонтажные работы - Сантехника,Демонтаж труб в/с,п.м.,130
19.035,06.35,Демонтажные работы - Сантехника,Демонтаж труб канализации*,п.м.,260
19.036,06.36,Демонтажные работы - Сантехника,Очистка труб от краски,п.м.,194
19.037,06.37,Демонтажные работы - Сантехника,Очистка радиатора от краски (до 5 секций),шт.,1133
19.038,06.38,Демонтажные работы - Сантехника,Очистка радиатора (каждая следующая секция),шт.,173
19.039,06.39,Демонтажные работы - Сантехника,Расчеканка чугунной трубы,чел/час,2300
20.001,07.01,Демонтажные работы - Прочее,"Демонтаж встроенных шкафов и полок, антресолей",шт/кв.м/п.м.,818
20.002,07.02,Демонтажные работы - Прочее,Демонтаж карнизов,п.м.,156
20.003,07.03,Демонтажные работы - Прочее,Демонтаж вент решеток,шт.,78
20.004,07.04,Демонтажные работы - Прочее,Демонтаж вентилятора,шт.,104
20.005,07.05,Демонтажные работы - Прочее,Демонтаж воздуховодов,п.м.,156
20.006,07.06,Демонтажные работы - Прочее,Срез металлоконструкций,шт.,86